,GENBANK_REFERENCE,CATALOGUE_NAME,CATALOGUE_VERSION,CATALOGUE_GRAMMAR,PREDICTION_VALUES,DRUG,MUTATION,PREDICTION,SOURCE,EVIDENCE,OTHER
276,NC_000962.3,BDQ-FRS-0.1-2024.06,1.1,GARC1,RUS,BDQ,Rv0678@*=,S,{},"{""default_rule"": ""True""}",{}
282,NC_000962.3,BDQ-FRS-0.1-2024.06,1.1,GARC1,RUS,BDQ,pepQ@*=,S,{},"{""default_rule"": ""True""}",{}
288,NC_000962.3,BDQ-FRS-0.1-2024.06,1.1,GARC1,RUS,BDQ,atpE@*=,S,{},"{""default_rule"": ""True""}",{}
9,NC_000962.3,BDQ-FRS-0.1-2024.06,1.1,GARC1,RUS,BDQ,Rv0678@I67L,R,{},"[{""proportion"": 1.0, ""confidence"": [0.3423802275066531, 1.0], ""p_value"": 0.010000000000000002, ""contingency"": [[2, 0], [110, 8280]]}]",{}
23,NC_000962.3,BDQ-FRS-0.1-2024.06,1.1,GARC1,RUS,BDQ,Rv0678@Q115!,R,{},"[{""proportion"": 0.75, ""confidence"": [0.3006418425824019, 0.9544127391902995], ""p_value"": 0.0037000000000000006, ""contingency"": [[3, 1], [110, 8280]]}]",{}
27,NC_000962.3,BDQ-FRS-0.1-2024.06,1.1,GARC1,RUS,BDQ,Rv0678@465_ins_c,R,{},"[{""proportion"": 0.75, ""confidence"": [0.3006418425824019, 0.9544127391902995], ""p_value"": 0.0037000000000000006, ""contingency"": [[3, 1], [110, 8280]]}]",{}
39,NC_000962.3,BDQ-FRS-0.1-2024.06,1.1,GARC1,RUS,BDQ,Rv0678@192_ins_g,R,{},"[{""proportion"": 0.4153846153846154, ""confidence"": [0.30360241557422635, 0.5366101512650265], ""p_value"": 3.1062582858656054e-11, ""contingency"": [[27, 38], [110, 8280]]}]",{}
40,NC_000962.3,BDQ-FRS-0.1-2024.06,1.1,GARC1,RUS,BDQ,Rv0678@132_ins_gt,R,{},"[{""proportion"": 0.9, ""confidence"": [0.5958499732047616, 0.9821237869049271], ""p_value"": 9.100000000000004e-09, ""contingency"": [[9, 1], [110, 8280]]}]",{}
42,NC_000962.3,BDQ-FRS-0.1-2024.06,1.1,GARC1,RUS,BDQ,Rv0678@141_ins_c,R,{},"[{""proportion"": 0.8416666666666667, ""confidence"": [0.7659066765413198, 0.8962302264058996], ""p_value"": 8.047350342557447e-81, ""contingency"": [[101, 19], [110, 8280]]}]",{}
49,NC_000962.3,BDQ-FRS-0.1-2024.06,1.1,GARC1,RUS,BDQ,Rv0678@491_ins_cg,R,{},"[{""proportion"": 0.8, ""confidence"": [0.37553462976252533, 0.9637758913675698], ""p_value"": 0.0004600000000000001, ""contingency"": [[4, 1], [110, 8280]]}]",{}
55,NC_000962.3,BDQ-FRS-0.1-2024.06,1.1,GARC1,RUS,BDQ,Rv0678@P48L,R,{},"[{""proportion"": 0.6666666666666666, ""confidence"": [0.20765960080204768, 0.9385080552796037], ""p_value"": 0.028000000000000008, ""contingency"": [[2, 1], [110, 8280]]}]",{}
63,NC_000962.3,BDQ-FRS-0.1-2024.06,1.1,GARC1,RUS,BDQ,Rv0678@G121R,R,{},"[{""proportion"": 0.8571428571428571, ""confidence"": [0.48687217072568106, 0.9743203756552565], ""p_value"": 6.400000000000001e-06, ""contingency"": [[6, 1], [110, 8280]]}]",{}
65,NC_000962.3,BDQ-FRS-0.1-2024.06,1.1,GARC1,RUS,BDQ,Rv0678@L136P,R,{},"[{""proportion"": 1.0, ""confidence"": [0.3423802275066531, 1.0], ""p_value"": 0.010000000000000002, ""contingency"": [[2, 0], [110, 8280]]}]",{}
87,NC_000962.3,BDQ-FRS-0.1-2024.06,1.1,GARC1,RUS,BDQ,Rv0678@A36V,R,{},"[{""proportion"": 1.0, ""confidence"": [0.4385029682449545, 1.0], ""p_value"": 0.0010000000000000002, ""contingency"": [[3, 0], [110, 8280]]}]",{}
89,NC_000962.3,BDQ-FRS-0.1-2024.06,1.1,GARC1,RUS,BDQ,Rv0678@C46R,R,{},"[{""proportion"": 0.8333333333333334, ""confidence"": [0.4364971778135299, 0.9699466302516934], ""p_value"": 5.5000000000000016e-05, ""contingency"": [[5, 1], [110, 8280]]}]",{}
92,NC_000962.3,BDQ-FRS-0.1-2024.06,1.1,GARC1,RUS,BDQ,Rv0678@464_ins_gc,R,{},"[{""proportion"": 1.0, ""confidence"": [0.3423802275066531, 1.0], ""p_value"": 0.010000000000000002, ""contingency"": [[2, 0], [110, 8280]]}]",{}
94,NC_000962.3,BDQ-FRS-0.1-2024.06,1.1,GARC1,RUS,BDQ,Rv0678@138_ins_g,R,{},"[{""proportion"": 0.7352941176470589, ""confidence"": [0.5688285871705533, 0.8539880932278826], ""p_value"": 2.1128718309297422e-18, ""contingency"": [[25, 9], [110, 8280]]}]",{}
109,NC_000962.3,BDQ-FRS-0.1-2024.06,1.1,GARC1,RUS,BDQ,Rv0678@R94W,R,{},"[{""proportion"": 0.75, ""confidence"": [0.3006418425824019, 0.9544127391902995], ""p_value"": 0.0037000000000000006, ""contingency"": [[3, 1], [110, 8280]]}]",{}
110,NC_000962.3,BDQ-FRS-0.1-2024.06,1.1,GARC1,RUS,BDQ,atpE@A63P,R,{},"[{""proportion"": 1.0, ""confidence"": [0.4385029682449545, 1.0], ""p_value"": 0.0010000000000000002, ""contingency"": [[3, 0], [110, 8280]]}]",{}
116,NC_000962.3,BDQ-FRS-0.1-2024.06,1.1,GARC1,RUS,BDQ,Rv0678@L32S,R,{},"[{""proportion"": 0.6666666666666666, ""confidence"": [0.20765960080204768, 0.9385080552796037], ""p_value"": 0.028000000000000008, ""contingency"": [[2, 1], [110, 8280]]}]",{}
145,NC_000962.3,BDQ-FRS-0.1-2024.06,1.1,GARC1,RUS,BDQ,Rv0678@L40F,R,{},"[{""proportion"": 1.0, ""confidence"": [0.3423802275066531, 1.0], ""p_value"": 0.010000000000000002, ""contingency"": [[2, 0], [110, 8280]]}]",{}
150,NC_000962.3,BDQ-FRS-0.1-2024.06,1.1,GARC1,RUS,BDQ,Rv0678@M146T,R,{},"[{""proportion"": 0.45, ""confidence"": [0.2581978582556243, 0.6579146575496578], ""p_value"": 5.985853174036023e-05, ""contingency"": [[9, 11], [110, 8280]]}]",{}
152,NC_000962.3,BDQ-FRS-0.1-2024.06,1.1,GARC1,RUS,BDQ,Rv0678@193_del_g,R,{},"[{""proportion"": 0.5833333333333334, ""confidence"": [0.3195113125495498, 0.8067396863412435], ""p_value"": 5.0180338000000016e-05, ""contingency"": [[7, 5], [110, 8280]]}]",{}
155,NC_000962.3,BDQ-FRS-0.1-2024.06,1.1,GARC1,RUS,BDQ,Rv0678@289_del_c,R,{},"[{""proportion"": 1.0, ""confidence"": [0.3423802275066531, 1.0], ""p_value"": 0.010000000000000002, ""contingency"": [[2, 0], [110, 8280]]}]",{}
160,NC_000962.3,BDQ-FRS-0.1-2024.06,1.1,GARC1,RUS,BDQ,pepQ@1017_del_gga,R,{},"[{""proportion"": 1.0, ""confidence"": [0.3423802275066531, 1.0], ""p_value"": 0.010000000000000002, ""contingency"": [[2, 0], [110, 8280]]}]",{}
161,NC_000962.3,BDQ-FRS-0.1-2024.06,1.1,GARC1,RUS,BDQ,Rv0678@C46G,R,{},"[{""proportion"": 0.6666666666666666, ""confidence"": [0.20765960080204768, 0.9385080552796037], ""p_value"": 0.028000000000000008, ""contingency"": [[2, 1], [110, 8280]]}]",{}
163,NC_000962.3,BDQ-FRS-0.1-2024.06,1.1,GARC1,RUS,BDQ,pepQ@298_ins_c,R,{},"[{""proportion"": 0.6666666666666666, ""confidence"": [0.20765960080204768, 0.9385080552796037], ""p_value"": 0.028000000000000008, ""contingency"": [[2, 1], [110, 8280]]}]",{}
164,NC_000962.3,BDQ-FRS-0.1-2024.06,1.1,GARC1,RUS,BDQ,Rv0678@N70D,R,{},"[{""proportion"": 0.8, ""confidence"": [0.37553462976252533, 0.9637758913675698], ""p_value"": 0.0004600000000000001, ""contingency"": [[4, 1], [110, 8280]]}]",{}
165,NC_000962.3,BDQ-FRS-0.1-2024.06,1.1,GARC1,RUS,BDQ,Rv0678@140_ins_tc,R,{},"[{""proportion"": 0.875, ""confidence"": [0.6397717273424132, 0.9650225122567595], ""p_value"": 9.865000000000009e-13, ""contingency"": [[14, 2], [110, 8280]]}]",{}
166,NC_000962.3,BDQ-FRS-0.1-2024.06,1.1,GARC1,RUS,BDQ,Rv0678@R109P,R,{},"[{""proportion"": 1.0, ""confidence"": [0.3423802275066531, 1.0], ""p_value"": 0.010000000000000002, ""contingency"": [[2, 0], [110, 8280]]}]",{}
167,NC_000962.3,BDQ-FRS-0.1-2024.06,1.1,GARC1,RUS,BDQ,Rv0678@A99P,R,{},"[{""proportion"": 1.0, ""confidence"": [0.3423802275066531, 1.0], ""p_value"": 0.010000000000000002, ""contingency"": [[2, 0], [110, 8280]]}]",{}
180,NC_000962.3,BDQ-FRS-0.1-2024.06,1.1,GARC1,RUS,BDQ,pepQ@150_ins_c,R,{},"[{""proportion"": 1.0, ""confidence"": [0.3423802275066531, 1.0], ""p_value"": 0.010000000000000002, ""contingency"": [[2, 0], [110, 8280]]}]",{}
181,NC_000962.3,BDQ-FRS-0.1-2024.06,1.1,GARC1,RUS,BDQ,Rv0678@G65E,R,{},"[{""proportion"": 0.6666666666666666, ""confidence"": [0.20765960080204768, 0.9385080552796037], ""p_value"": 0.028000000000000008, ""contingency"": [[2, 1], [110, 8280]]}]",{}
183,NC_000962.3,BDQ-FRS-0.1-2024.06,1.1,GARC1,RUS,BDQ,Rv0678@423_ins_c,R,{},"[{""proportion"": 1.0, ""confidence"": [0.700854951580456, 1.0], ""p_value"": 1.0000000000000005e-09, ""contingency"": [[9, 0], [110, 8280]]}]",{}
185,NC_000962.3,BDQ-FRS-0.1-2024.06,1.1,GARC1,RUS,BDQ,Rv0678@471_del_cagc,R,{},"[{""proportion"": 1.0, ""confidence"": [0.4385029682449545, 1.0], ""p_value"": 0.0010000000000000002, ""contingency"": [[3, 0], [110, 8280]]}]",{}
187,NC_000962.3,BDQ-FRS-0.1-2024.06,1.1,GARC1,RUS,BDQ,atpE@I66M,R,{},"[{""proportion"": 1.0, ""confidence"": [0.3423802275066531, 1.0], ""p_value"": 0.010000000000000002, ""contingency"": [[2, 0], [110, 8280]]}]",{}
188,NC_000962.3,BDQ-FRS-0.1-2024.06,1.1,GARC1,RUS,BDQ,Rv0678@L122P,R,{},"[{""proportion"": 1.0, ""confidence"": [0.3423802275066531, 1.0], ""p_value"": 0.010000000000000002, ""contingency"": [[2, 0], [110, 8280]]}]",{}
193,NC_000962.3,BDQ-FRS-0.1-2024.06,1.1,GARC1,RUS,BDQ,Rv0678@S2I,R,{},"[{""proportion"": 1.0, ""confidence"": [0.4385029682449545, 1.0], ""p_value"": 0.0010000000000000002, ""contingency"": [[3, 0], [110, 8280]]}]",{}
194,NC_000962.3,BDQ-FRS-0.1-2024.06,1.1,GARC1,RUS,BDQ,Rv0678@L60P,R,{},"[{""proportion"": 1.0, ""confidence"": [0.3423802275066531, 1.0], ""p_value"": 0.010000000000000002, ""contingency"": [[2, 0], [110, 8280]]}]",{}
195,NC_000962.3,BDQ-FRS-0.1-2024.06,1.1,GARC1,RUS,BDQ,Rv0678@441_ins_t,R,{},"[{""proportion"": 1.0, ""confidence"": [0.3423802275066531, 1.0], ""p_value"": 0.010000000000000002, ""contingency"": [[2, 0], [110, 8280]]}]",{}
200,NC_000962.3,BDQ-FRS-0.1-2024.06,1.1,GARC1,RUS,BDQ,Rv0678@Y92!,R,{},"[{""proportion"": 1.0, ""confidence"": [0.3423802275066531, 1.0], ""p_value"": 0.010000000000000002, ""contingency"": [[2, 0], [110, 8280]]}]",{}
201,NC_000962.3,BDQ-FRS-0.1-2024.06,1.1,GARC1,RUS,BDQ,Rv0678@G78R,R,{},"[{""proportion"": 1.0, ""confidence"": [0.3423802275066531, 1.0], ""p_value"": 0.010000000000000002, ""contingency"": [[2, 0], [110, 8280]]}]",{}
208,NC_000962.3,BDQ-FRS-0.1-2024.06,1.1,GARC1,RUS,BDQ,Rv0678@292_del_a,R,{},"[{""proportion"": 1.0, ""confidence"": [0.5655175352168252, 1.0], ""p_value"": 1.0000000000000003e-05, ""contingency"": [[5, 0], [110, 8280]]}]",{}
209,NC_000962.3,BDQ-FRS-0.1-2024.06,1.1,GARC1,RUS,BDQ,Rv0678@T91I,R,{},"[{""proportion"": 1.0, ""confidence"": [0.4385029682449545, 1.0], ""p_value"": 0.0010000000000000002, ""contingency"": [[3, 0], [110, 8280]]}]",{}
210,NC_000962.3,BDQ-FRS-0.1-2024.06,1.1,GARC1,RUS,BDQ,Rv0678@R34W,R,{},"[{""proportion"": 1.0, ""confidence"": [0.3423802275066531, 1.0], ""p_value"": 0.010000000000000002, ""contingency"": [[2, 0], [110, 8280]]}]",{}
217,NC_000962.3,BDQ-FRS-0.1-2024.06,1.1,GARC1,RUS,BDQ,Rv0678@C46W,R,{},"[{""proportion"": 1.0, ""confidence"": [0.3423802275066531, 1.0], ""p_value"": 0.010000000000000002, ""contingency"": [[2, 0], [110, 8280]]}]",{}
218,NC_000962.3,BDQ-FRS-0.1-2024.06,1.1,GARC1,RUS,BDQ,Rv0678@Y157S,R,{},"[{""proportion"": 1.0, ""confidence"": [0.3423802275066531, 1.0], ""p_value"": 0.010000000000000002, ""contingency"": [[2, 0], [110, 8280]]}]",{}
220,NC_000962.3,BDQ-FRS-0.1-2024.06,1.1,GARC1,RUS,BDQ,Rv0678@G41D,R,{},"[{""proportion"": 1.0, ""confidence"": [0.3423802275066531, 1.0], ""p_value"": 0.010000000000000002, ""contingency"": [[2, 0], [110, 8280]]}]",{}
222,NC_000962.3,BDQ-FRS-0.1-2024.06,1.1,GARC1,RUS,BDQ,Rv0678@R134!,R,{},"[{""proportion"": 1.0, ""confidence"": [0.5655175352168252, 1.0], ""p_value"": 1.0000000000000003e-05, ""contingency"": [[5, 0], [110, 8280]]}]",{}
225,NC_000962.3,BDQ-FRS-0.1-2024.06,1.1,GARC1,RUS,BDQ,Rv0678@Q115P,R,{},"[{""proportion"": 1.0, ""confidence"": [0.3423802275066531, 1.0], ""p_value"": 0.010000000000000002, ""contingency"": [[2, 0], [110, 8280]]}]",{}
228,NC_000962.3,BDQ-FRS-0.1-2024.06,1.1,GARC1,RUS,BDQ,Rv0678@136_ins_g,R,{},"[{""proportion"": 1.0, ""confidence"": [0.5101091635454027, 1.0], ""p_value"": 0.00010000000000000002, ""contingency"": [[4, 0], [110, 8280]]}]",{}
233,NC_000962.3,BDQ-FRS-0.1-2024.06,1.1,GARC1,RUS,BDQ,Rv0678@E113!,R,{},"[{""proportion"": 1.0, ""confidence"": [0.3423802275066531, 1.0], ""p_value"": 0.010000000000000002, ""contingency"": [[2, 0], [110, 8280]]}]",{}
234,NC_000962.3,BDQ-FRS-0.1-2024.06,1.1,GARC1,RUS,BDQ,Rv0678@16_del_g,R,{},"[{""proportion"": 1.0, ""confidence"": [0.4385029682449545, 1.0], ""p_value"": 0.0010000000000000002, ""contingency"": [[3, 0], [110, 8280]]}]",{}
236,NC_000962.3,BDQ-FRS-0.1-2024.06,1.1,GARC1,RUS,BDQ,Rv0678@148_ins_g,R,{},"[{""proportion"": 1.0, ""confidence"": [0.6096657120978346, 1.0], ""p_value"": 1.0000000000000004e-06, ""contingency"": [[6, 0], [110, 8280]]}]",{}
237,NC_000962.3,BDQ-FRS-0.1-2024.06,1.1,GARC1,RUS,BDQ,Rv0678@287_del_g,R,{},"[{""proportion"": 1.0, ""confidence"": [0.3423802275066531, 1.0], ""p_value"": 0.010000000000000002, ""contingency"": [[2, 0], [110, 8280]]}]",{}
238,NC_000962.3,BDQ-FRS-0.1-2024.06,1.1,GARC1,RUS,BDQ,Rv0678@I67S,R,{},"[{""proportion"": 1.0, ""confidence"": [0.7224672001371106, 0.9999999999999999], ""p_value"": 1.0000000000000006e-10, ""contingency"": [[10, 0], [110, 8280]]}]",{}
246,NC_000962.3,BDQ-FRS-0.1-2024.06,1.1,GARC1,RUS,BDQ,Rv0678@G24C,R,{},"[{""proportion"": 1.0, ""confidence"": [0.3423802275066531, 1.0], ""p_value"": 0.010000000000000002, ""contingency"": [[2, 0], [110, 8280]]}]",{}
250,NC_000962.3,BDQ-FRS-0.1-2024.06,1.1,GARC1,RUS,BDQ,Rv0678@265_ins_t,R,{},"[{""proportion"": 1.0, ""confidence"": [0.4385029682449545, 1.0], ""p_value"": 0.0010000000000000002, ""contingency"": [[3, 0], [110, 8280]]}]",{}
253,NC_000962.3,BDQ-FRS-0.1-2024.06,1.1,GARC1,RUS,BDQ,Rv0678@F93L,R,{},"[{""proportion"": 1.0, ""confidence"": [0.4385029682449545, 1.0], ""p_value"": 0.0010000000000000002, ""contingency"": [[3, 0], [110, 8280]]}]",{}
255,NC_000962.3,BDQ-FRS-0.1-2024.06,1.1,GARC1,RUS,BDQ,Rv0678@150_ins_c,R,{},"[{""proportion"": 1.0, ""confidence"": [0.4385029682449545, 1.0], ""p_value"": 0.0010000000000000002, ""contingency"": [[3, 0], [110, 8280]]}]",{}
260,NC_000962.3,BDQ-FRS-0.1-2024.06,1.1,GARC1,RUS,BDQ,Rv0678@R94Q,R,{},"[{""proportion"": 1.0, ""confidence"": [0.3423802275066531, 1.0], ""p_value"": 0.010000000000000002, ""contingency"": [[2, 0], [110, 8280]]}]",{}
261,NC_000962.3,BDQ-FRS-0.1-2024.06,1.1,GARC1,RUS,BDQ,Rv0678@R109W,R,{},"[{""proportion"": 1.0, ""confidence"": [0.3423802275066531, 1.0], ""p_value"": 0.010000000000000002, ""contingency"": [[2, 0], [110, 8280]]}]",{}
0,NC_000962.3,BDQ-FRS-0.1-2024.06,1.1,GARC1,RUS,BDQ,Rv0678@A101E,U,{},"[{""proportion"": 0.0, ""confidence"": [0.0, 0.7934506856227626], ""p_value"": 1.0, ""contingency"": [[0, 1], [110, 8280]]}]",{}
1,NC_000962.3,BDQ-FRS-0.1-2024.06,1.1,GARC1,RUS,BDQ,Rv0678@S68N,U,{},"[{""proportion"": 1.0, ""confidence"": [0.20654931437723742, 1.0], ""p_value"": 0.1, ""contingency"": [[1, 0], [110, 8280]]}]",{}
2,NC_000962.3,BDQ-FRS-0.1-2024.06,1.1,GARC1,RUS,BDQ,Rv0678@Q51R,U,{},"[{""proportion"": 0.3333333333333333, ""confidence"": [0.061491944720396215, 0.7923403991979523], ""p_value"": 0.271, ""contingency"": [[1, 2], [110, 8280]]}]",{}
3,NC_000962.3,BDQ-FRS-0.1-2024.06,1.1,GARC1,RUS,BDQ,Rv0678@G103S,U,{},"[{""proportion"": 0.0, ""confidence"": [0.0, 0.7934506856227626], ""p_value"": 1.0, ""contingency"": [[0, 1], [110, 8280]]}]",{}
4,NC_000962.3,BDQ-FRS-0.1-2024.06,1.1,GARC1,RUS,BDQ,Rv0678@A62T,U,{},"[{""proportion"": 0.0, ""confidence"": [0.0, 0.7934506856227626], ""p_value"": 1.0, ""contingency"": [[0, 1], [110, 8280]]}]",{}
5,NC_000962.3,BDQ-FRS-0.1-2024.06,1.1,GARC1,RUS,BDQ,pepQ@A305V,U,{},"[{""proportion"": 0.0, ""confidence"": [0.0, 0.6576197724933469], ""p_value"": 1.0, ""contingency"": [[0, 2], [110, 8280]]}]",{}
6,NC_000962.3,BDQ-FRS-0.1-2024.06,1.1,GARC1,RUS,BDQ,Rv0678@M17V,U,{},"[{""proportion"": 0.0, ""confidence"": [0.0, 0.7934506856227626], ""p_value"": 1.0, ""contingency"": [[0, 1], [110, 8280]]}]",{}
7,NC_000962.3,BDQ-FRS-0.1-2024.06,1.1,GARC1,RUS,BDQ,Rv0678@S52P,U,{},"[{""proportion"": 0.0, ""confidence"": [0.0, 0.7934506856227626], ""p_value"": 1.0, ""contingency"": [[0, 1], [110, 8280]]}]",{}
8,NC_000962.3,BDQ-FRS-0.1-2024.06,1.1,GARC1,RUS,BDQ,pepQ@V101L,U,{},"[{""proportion"": 0.0, ""confidence"": [0.0, 0.7934506856227626], ""p_value"": 1.0, ""contingency"": [[0, 1], [110, 8280]]}]",{}
10,NC_000962.3,BDQ-FRS-0.1-2024.06,1.1,GARC1,RUS,BDQ,Rv0678@274_ins_a,U,{},"[{""proportion"": 0.5, ""confidence"": [0.09453120573423071, 0.9054687942657693], ""p_value"": 0.19, ""contingency"": [[1, 1], [110, 8280]]}]",{}
11,NC_000962.3,BDQ-FRS-0.1-2024.06,1.1,GARC1,RUS,BDQ,pepQ@V343A,U,{},"[{""proportion"": 0.0, ""confidence"": [0.0, 0.7934506856227626], ""p_value"": 1.0, ""contingency"": [[0, 1], [110, 8280]]}]",{}
12,NC_000962.3,BDQ-FRS-0.1-2024.06,1.1,GARC1,RUS,BDQ,pepQ@R164W,U,{},"[{""proportion"": 0.0, ""confidence"": [0.0, 0.7934506856227626], ""p_value"": 1.0, ""contingency"": [[0, 1], [110, 8280]]}]",{}
13,NC_000962.3,BDQ-FRS-0.1-2024.06,1.1,GARC1,RUS,BDQ,atpE@A62T,U,{},"[{""proportion"": 0.0, ""confidence"": [0.0, 0.7934506856227626], ""p_value"": 1.0, ""contingency"": [[0, 1], [110, 8280]]}]",{}
14,NC_000962.3,BDQ-FRS-0.1-2024.06,1.1,GARC1,RUS,BDQ,Rv0678@R72W,U,{},"[{""proportion"": 0.0, ""confidence"": [0.0, 0.6576197724933469], ""p_value"": 1.0, ""contingency"": [[0, 2], [110, 8280]]}]",{}
15,NC_000962.3,BDQ-FRS-0.1-2024.06,1.1,GARC1,RUS,BDQ,Rv0678@L40M,U,{},"[{""proportion"": 1.0, ""confidence"": [0.20654931437723742, 1.0], ""p_value"": 0.1, ""contingency"": [[1, 0], [110, 8280]]}]",{}
16,NC_000962.3,BDQ-FRS-0.1-2024.06,1.1,GARC1,RUS,BDQ,pepQ@E360D,U,{},"[{""proportion"": 0.0, ""confidence"": [0.0, 0.7934506856227626], ""p_value"": 1.0, ""contingency"": [[0, 1], [110, 8280]]}]",{}
17,NC_000962.3,BDQ-FRS-0.1-2024.06,1.1,GARC1,RUS,BDQ,Rv0678@492_ins_ga,U,{},"[{""proportion"": 0.0, ""confidence"": [0.0, 0.7934506856227626], ""p_value"": 1.0, ""contingency"": [[0, 1], [110, 8280]]}]",{}
18,NC_000962.3,BDQ-FRS-0.1-2024.06,1.1,GARC1,RUS,BDQ,Rv0678@c-25t,U,{},"[{""proportion"": 0.0, ""confidence"": [0.0, 0.7934506856227626], ""p_value"": 1.0, ""contingency"": [[0, 1], [110, 8280]]}]",{}
19,NC_000962.3,BDQ-FRS-0.1-2024.06,1.1,GARC1,RUS,BDQ,Rv0678@c-11a,U,{},"[{""proportion"": 0.08860759493670886, ""confidence"": [0.04358529598731306, 0.17178342246211697], ""p_value"": 1.0, ""contingency"": [[7, 72], [110, 8280]]}]",{}
20,NC_000962.3,BDQ-FRS-0.1-2024.06,1.1,GARC1,RUS,BDQ,Rv0678@19_del_gtc,U,{},"[{""proportion"": 0.0, ""confidence"": [0.0, 0.7934506856227626], ""p_value"": 1.0, ""contingency"": [[0, 1], [110, 8280]]}]",{}
21,NC_000962.3,BDQ-FRS-0.1-2024.06,1.1,GARC1,RUS,BDQ,Rv0678@I108T,U,{},"[{""proportion"": 0.0, ""confidence"": [0.0, 0.7934506856227626], ""p_value"": 1.0, ""contingency"": [[0, 1], [110, 8280]]}]",{}
22,NC_000962.3,BDQ-FRS-0.1-2024.06,1.1,GARC1,RUS,BDQ,Rv0678@S68G,U,{},"[{""proportion"": 0.5, ""confidence"": [0.09453120573423071, 0.9054687942657693], ""p_value"": 0.19, ""contingency"": [[1, 1], [110, 8280]]}]",{}
24,NC_000962.3,BDQ-FRS-0.1-2024.06,1.1,GARC1,RUS,BDQ,pepQ@A263V,U,{},"[{""proportion"": 0.0, ""confidence"": [0.0, 0.7934506856227626], ""p_value"": 1.0, ""contingency"": [[0, 1], [110, 8280]]}]",{}
25,NC_000962.3,BDQ-FRS-0.1-2024.06,1.1,GARC1,RUS,BDQ,atpE@E61D,U,{},"[{""proportion"": 1.0, ""confidence"": [0.20654931437723742, 1.0], ""p_value"": 0.1, ""contingency"": [[1, 0], [110, 8280]]}]",{}
26,NC_000962.3,BDQ-FRS-0.1-2024.06,1.1,GARC1,RUS,BDQ,pepQ@V1M,U,{},"[{""proportion"": 0.0, ""confidence"": [0.0, 0.7934506856227626], ""p_value"": 1.0, ""contingency"": [[0, 1], [110, 8280]]}]",{}
28,NC_000962.3,BDQ-FRS-0.1-2024.06,1.1,GARC1,RUS,BDQ,Rv0678@R96G,U,{},"[{""proportion"": 0.0, ""confidence"": [0.0, 0.7934506856227626], ""p_value"": 1.0, ""contingency"": [[0, 1], [110, 8280]]}]",{}
29,NC_000962.3,BDQ-FRS-0.1-2024.06,1.1,GARC1,RUS,BDQ,pepQ@R7Q,U,{},"[{""proportion"": 0.0, ""confidence"": [0.0, 0.43448246478317476], ""p_value"": 1.0, ""contingency"": [[0, 5], [110, 8280]]}]",{}
30,NC_000962.3,BDQ-FRS-0.1-2024.06,1.1,GARC1,RUS,BDQ,atpE@T51I,U,{},"[{""proportion"": 0.0, ""confidence"": [0.0, 0.7934506856227626], ""p_value"": 1.0, ""contingency"": [[0, 1], [110, 8280]]}]",{}
31,NC_000962.3,BDQ-FRS-0.1-2024.06,1.1,GARC1,RUS,BDQ,Rv0678@Q76E,U,{},"[{""proportion"": 0.0, ""confidence"": [0.0, 0.6576197724933469], ""p_value"": 1.0, ""contingency"": [[0, 2], [110, 8280]]}]",{}
32,NC_000962.3,BDQ-FRS-0.1-2024.06,1.1,GARC1,RUS,BDQ,atpE@S37A,U,{},"[{""proportion"": 0.0, ""confidence"": [0.0, 0.7934506856227626], ""p_value"": 1.0, ""contingency"": [[0, 1], [110, 8280]]}]",{}
33,NC_000962.3,BDQ-FRS-0.1-2024.06,1.1,GARC1,RUS,BDQ,pepQ@A87G,U,{},"[{""proportion"": 0.0, ""confidence"": [2.1025014877572554e-17, 0.24249400665524087], ""p_value"": 0.6234272846920001, ""contingency"": [[0, 12], [110, 8280]]}]",{}
34,NC_000962.3,BDQ-FRS-0.1-2024.06,1.1,GARC1,RUS,BDQ,Rv0678@G162E,U,{},"[{""proportion"": 0.0, ""confidence"": [0.0, 0.7934506856227626], ""p_value"": 1.0, ""contingency"": [[0, 1], [110, 8280]]}]",{}
35,NC_000962.3,BDQ-FRS-0.1-2024.06,1.1,GARC1,RUS,BDQ,Rv0678@G78W,U,{},"[{""proportion"": 0.0, ""confidence"": [0.0, 0.7934506856227626], ""p_value"": 1.0, ""contingency"": [[0, 1], [110, 8280]]}]",{}
36,NC_000962.3,BDQ-FRS-0.1-2024.06,1.1,GARC1,RUS,BDQ,Rv0678@N4T,U,{},"[{""proportion"": 0.0, ""confidence"": [0.0, 0.6576197724933469], ""p_value"": 1.0, ""contingency"": [[0, 2], [110, 8280]]}]",{}
37,NC_000962.3,BDQ-FRS-0.1-2024.06,1.1,GARC1,RUS,BDQ,pepQ@F46L,U,{},"[{""proportion"": 0.0, ""confidence"": [0.0, 0.20388330103584862], ""p_value"": 0.38995220120104, ""contingency"": [[0, 15], [110, 8280]]}]",{}
38,NC_000962.3,BDQ-FRS-0.1-2024.06,1.1,GARC1,RUS,BDQ,Rv0678@c-34t,U,{},"[{""proportion"": 0.0, ""confidence"": [0.0, 0.7934506856227626], ""p_value"": 1.0, ""contingency"": [[0, 1], [110, 8280]]}]",{}
41,NC_000962.3,BDQ-FRS-0.1-2024.06,1.1,GARC1,RUS,BDQ,pepQ@P69L,U,{},"[{""proportion"": 0.0, ""confidence"": [0.0, 0.4898908364545973], ""p_value"": 1.0, ""contingency"": [[0, 4], [110, 8280]]}]",{}
43,NC_000962.3,BDQ-FRS-0.1-2024.06,1.1,GARC1,RUS,BDQ,Rv0678@E55D,U,{},"[{""proportion"": 0.0, ""confidence"": [0.0, 0.22809537235419838], ""p_value"": 0.6328416025746999, ""contingency"": [[0, 13], [110, 8280]]}]",{}
44,NC_000962.3,BDQ-FRS-0.1-2024.06,1.1,GARC1,RUS,BDQ,Rv0678@I80S,U,{},"[{""proportion"": 0.0, ""confidence"": [0.0, 0.7934506856227626], ""p_value"": 1.0, ""contingency"": [[0, 1], [110, 8280]]}]",{}
45,NC_000962.3,BDQ-FRS-0.1-2024.06,1.1,GARC1,RUS,BDQ,Rv0678@L117R,U,{},"[{""proportion"": 0.3333333333333333, ""confidence"": [0.061491944720396215, 0.7923403991979523], ""p_value"": 0.271, ""contingency"": [[1, 2], [110, 8280]]}]",{}
46,NC_000962.3,BDQ-FRS-0.1-2024.06,1.1,GARC1,RUS,BDQ,pepQ@V45L,U,{},"[{""proportion"": 0.0, ""confidence"": [2.1779500349382702e-17, 0.2153108027376358], ""p_value"": 0.38712790583622997, ""contingency"": [[0, 14], [110, 8280]]}]",{}
47,NC_000962.3,BDQ-FRS-0.1-2024.06,1.1,GARC1,RUS,BDQ,Rv0678@M139I,U,{},"[{""proportion"": 0.5, ""confidence"": [0.15003898915214947, 0.8499610108478506], ""p_value"": 0.05230000000000001, ""contingency"": [[2, 2], [110, 8280]]}]",{}
48,NC_000962.3,BDQ-FRS-0.1-2024.06,1.1,GARC1,RUS,BDQ,Rv0678@N98D,U,{},"[{""proportion"": 0.16666666666666666, ""confidence"": [0.030053369748306632, 0.5635028221864702], ""p_value"": 0.46855899999999995, ""contingency"": [[1, 5], [110, 8280]]}]",{}
50,NC_000962.3,BDQ-FRS-0.1-2024.06,1.1,GARC1,RUS,BDQ,Rv0678@30_del_g,U,{},"[{""proportion"": 0.0, ""confidence"": [4.8683609171202235e-17, 0.5614970317550455], ""p_value"": 1.0, ""contingency"": [[0, 3], [110, 8280]]}]",{}
51,NC_000962.3,BDQ-FRS-0.1-2024.06,1.1,GARC1,RUS,BDQ,pepQ@G197R,U,{},"[{""proportion"": 0.0, ""confidence"": [0.0, 0.11696979849974075], ""p_value"": 0.11081873142474835, ""contingency"": [[0, 29], [110, 8280]]}]",{}
52,NC_000962.3,BDQ-FRS-0.1-2024.06,1.1,GARC1,RUS,BDQ,Rv0678@R90C,U,{},"[{""proportion"": 0.2, ""confidence"": [0.03622410863243013, 0.6244653702374747], ""p_value"": 0.40951000000000004, ""contingency"": [[1, 4], [110, 8280]]}]",{}
53,NC_000962.3,BDQ-FRS-0.1-2024.06,1.1,GARC1,RUS,BDQ,Rv0678@L40V,U,{},"[{""proportion"": 0.0, ""confidence"": [3.584186086443356e-17, 0.3543304350666874], ""p_value"": 1.0, ""contingency"": [[0, 7], [110, 8280]]}]",{}
54,NC_000962.3,BDQ-FRS-0.1-2024.06,1.1,GARC1,RUS,BDQ,pepQ@L107R,U,{},"[{""proportion"": 0.0, ""confidence"": [0.0, 0.7934506856227626], ""p_value"": 1.0, ""contingency"": [[0, 1], [110, 8280]]}]",{}
56,NC_000962.3,BDQ-FRS-0.1-2024.06,1.1,GARC1,RUS,BDQ,Rv0678@L74V,U,{},"[{""proportion"": 0.0, ""confidence"": [0.0, 0.7934506856227626], ""p_value"": 1.0, ""contingency"": [[0, 1], [110, 8280]]}]",{}
57,NC_000962.3,BDQ-FRS-0.1-2024.06,1.1,GARC1,RUS,BDQ,pepQ@V328F,U,{},"[{""proportion"": 0.0, ""confidence"": [0.0, 0.6576197724933469], ""p_value"": 1.0, ""contingency"": [[0, 2], [110, 8280]]}]",{}
58,NC_000962.3,BDQ-FRS-0.1-2024.06,1.1,GARC1,RUS,BDQ,Rv0678@V20A,U,{},"[{""proportion"": 0.5, ""confidence"": [0.09453120573423071, 0.9054687942657693], ""p_value"": 0.19, ""contingency"": [[1, 1], [110, 8280]]}]",{}
59,NC_000962.3,BDQ-FRS-0.1-2024.06,1.1,GARC1,RUS,BDQ,atpE@t-41c,U,{},"[{""proportion"": 0.0, ""confidence"": [0.0, 0.7934506856227626], ""p_value"": 1.0, ""contingency"": [[0, 1], [110, 8280]]}]",{}
60,NC_000962.3,BDQ-FRS-0.1-2024.06,1.1,GARC1,RUS,BDQ,pepQ@V104L,U,{},"[{""proportion"": 0.0, ""confidence"": [0.0, 0.6576197724933469], ""p_value"": 1.0, ""contingency"": [[0, 2], [110, 8280]]}]",{}
61,NC_000962.3,BDQ-FRS-0.1-2024.06,1.1,GARC1,RUS,BDQ,atpE@A18S,U,{},"[{""proportion"": 0.0, ""confidence"": [0.0, 0.7934506856227626], ""p_value"": 1.0, ""contingency"": [[0, 1], [110, 8280]]}]",{}
62,NC_000962.3,BDQ-FRS-0.1-2024.06,1.1,GARC1,RUS,BDQ,pepQ@M180V,U,{},"[{""proportion"": 0.0, ""confidence"": [0.0, 0.7934506856227626], ""p_value"": 1.0, ""contingency"": [[0, 1], [110, 8280]]}]",{}
64,NC_000962.3,BDQ-FRS-0.1-2024.06,1.1,GARC1,RUS,BDQ,Rv0678@S2R,U,{},"[{""proportion"": 0.0, ""confidence"": [0.0, 0.4898908364545973], ""p_value"": 1.0, ""contingency"": [[0, 4], [110, 8280]]}]",{}
66,NC_000962.3,BDQ-FRS-0.1-2024.06,1.1,GARC1,RUS,BDQ,pepQ@I193T,U,{},"[{""proportion"": 0.0, ""confidence"": [4.8683609171202235e-17, 0.5614970317550455], ""p_value"": 1.0, ""contingency"": [[0, 3], [110, 8280]]}]",{}
67,NC_000962.3,BDQ-FRS-0.1-2024.06,1.1,GARC1,RUS,BDQ,Rv0678@A124G,U,{},"[{""proportion"": 0.0, ""confidence"": [0.0, 0.7934506856227626], ""p_value"": 1.0, ""contingency"": [[0, 1], [110, 8280]]}]",{}
68,NC_000962.3,BDQ-FRS-0.1-2024.06,1.1,GARC1,RUS,BDQ,Rv0678@107_ins_g,U,{},"[{""proportion"": 1.0, ""confidence"": [0.20654931437723742, 1.0], ""p_value"": 0.1, ""contingency"": [[1, 0], [110, 8280]]}]",{}
69,NC_000962.3,BDQ-FRS-0.1-2024.06,1.1,GARC1,RUS,BDQ,Rv0678@D8G,U,{},"[{""proportion"": 0.0, ""confidence"": [0.0, 0.7934506856227626], ""p_value"": 1.0, ""contingency"": [[0, 1], [110, 8280]]}]",{}
70,NC_000962.3,BDQ-FRS-0.1-2024.06,1.1,GARC1,RUS,BDQ,Rv0678@S68I,U,{},"[{""proportion"": 0.0, ""confidence"": [0.0, 0.7934506856227626], ""p_value"": 1.0, ""contingency"": [[0, 1], [110, 8280]]}]",{}
71,NC_000962.3,BDQ-FRS-0.1-2024.06,1.1,GARC1,RUS,BDQ,Rv0678@c-30g,U,{},"[{""proportion"": 0.0, ""confidence"": [0.0, 0.7934506856227626], ""p_value"": 1.0, ""contingency"": [[0, 1], [110, 8280]]}]",{}
72,NC_000962.3,BDQ-FRS-0.1-2024.06,1.1,GARC1,RUS,BDQ,Rv0678@g-14a,U,{},"[{""proportion"": 0.0, ""confidence"": [0.0, 0.7934506856227626], ""p_value"": 1.0, ""contingency"": [[0, 1], [110, 8280]]}]",{}
73,NC_000962.3,BDQ-FRS-0.1-2024.06,1.1,GARC1,RUS,BDQ,pepQ@M180T,U,{},"[{""proportion"": 0.0, ""confidence"": [0.0, 0.7934506856227626], ""p_value"": 1.0, ""contingency"": [[0, 1], [110, 8280]]}]",{}
74,NC_000962.3,BDQ-FRS-0.1-2024.06,1.1,GARC1,RUS,BDQ,Rv0678@R109Q,U,{},"[{""proportion"": 0.0, ""confidence"": [0.0, 0.7934506856227626], ""p_value"": 1.0, ""contingency"": [[0, 1], [110, 8280]]}]",{}
75,NC_000962.3,BDQ-FRS-0.1-2024.06,1.1,GARC1,RUS,BDQ,pepQ@A242T,U,{},"[{""proportion"": 0.0, ""confidence"": [4.8683609171202235e-17, 0.5614970317550455], ""p_value"": 1.0, ""contingency"": [[0, 3], [110, 8280]]}]",{}
76,NC_000962.3,BDQ-FRS-0.1-2024.06,1.1,GARC1,RUS,BDQ,pepQ@A187E,U,{},"[{""proportion"": 0.0, ""confidence"": [0.0, 0.6576197724933469], ""p_value"": 1.0, ""contingency"": [[0, 2], [110, 8280]]}]",{}
77,NC_000962.3,BDQ-FRS-0.1-2024.06,1.1,GARC1,RUS,BDQ,pepQ@I28R,U,{},"[{""proportion"": 0.0, ""confidence"": [0.0, 0.7934506856227626], ""p_value"": 1.0, ""contingency"": [[0, 1], [110, 8280]]}]",{}
78,NC_000962.3,BDQ-FRS-0.1-2024.06,1.1,GARC1,RUS,BDQ,pepQ@R170W,U,{},"[{""proportion"": 0.0, ""confidence"": [0.0, 0.6576197724933469], ""p_value"": 1.0, ""contingency"": [[0, 2], [110, 8280]]}]",{}
79,NC_000962.3,BDQ-FRS-0.1-2024.06,1.1,GARC1,RUS,BDQ,Rv0678@S158R,U,{},"[{""proportion"": 0.0, ""confidence"": [0.0, 0.7934506856227626], ""p_value"": 1.0, ""contingency"": [[0, 1], [110, 8280]]}]",{}
80,NC_000962.3,BDQ-FRS-0.1-2024.06,1.1,GARC1,RUS,BDQ,pepQ@T341A,U,{},"[{""proportion"": 0.0, ""confidence"": [0.0, 0.7934506856227626], ""p_value"": 1.0, ""contingency"": [[0, 1], [110, 8280]]}]",{}
81,NC_000962.3,BDQ-FRS-0.1-2024.06,1.1,GARC1,RUS,BDQ,Rv0678@R156Q,U,{},"[{""proportion"": 0.0, ""confidence"": [0.0, 0.7934506856227626], ""p_value"": 1.0, ""contingency"": [[0, 1], [110, 8280]]}]",{}
82,NC_000962.3,BDQ-FRS-0.1-2024.06,1.1,GARC1,RUS,BDQ,pepQ@A124V,U,{},"[{""proportion"": 0.0, ""confidence"": [4.8683609171202235e-17, 0.5614970317550455], ""p_value"": 1.0, ""contingency"": [[0, 3], [110, 8280]]}]",{}
83,NC_000962.3,BDQ-FRS-0.1-2024.06,1.1,GARC1,RUS,BDQ,atpE@G12S,U,{},"[{""proportion"": 0.0, ""confidence"": [0.0, 0.7934506856227626], ""p_value"": 1.0, ""contingency"": [[0, 1], [110, 8280]]}]",{}
84,NC_000962.3,BDQ-FRS-0.1-2024.06,1.1,GARC1,RUS,BDQ,Rv0678@g-40a,U,{},"[{""proportion"": 0.0, ""confidence"": [0.0, 0.7934506856227626], ""p_value"": 1.0, ""contingency"": [[0, 1], [110, 8280]]}]",{}
85,NC_000962.3,BDQ-FRS-0.1-2024.06,1.1,GARC1,RUS,BDQ,Rv0678@402_del_acggctgcggga,U,{},"[{""proportion"": 0.0, ""confidence"": [0.0, 0.7934506856227626], ""p_value"": 1.0, ""contingency"": [[0, 1], [110, 8280]]}]",{}
86,NC_000962.3,BDQ-FRS-0.1-2024.06,1.1,GARC1,RUS,BDQ,Rv0678@L40S,U,{},"[{""proportion"": 0.0, ""confidence"": [0.0, 0.7934506856227626], ""p_value"": 1.0, ""contingency"": [[0, 1], [110, 8280]]}]",{}
88,NC_000962.3,BDQ-FRS-0.1-2024.06,1.1,GARC1,RUS,BDQ,Rv0678@212_del_c,U,{},"[{""proportion"": 0.0, ""confidence"": [0.0, 0.7934506856227626], ""p_value"": 1.0, ""contingency"": [[0, 1], [110, 8280]]}]",{}
90,NC_000962.3,BDQ-FRS-0.1-2024.06,1.1,GARC1,RUS,BDQ,Rv0678@V85A,U,{},"[{""proportion"": 0.0, ""confidence"": [0.0, 0.7934506856227626], ""p_value"": 1.0, ""contingency"": [[0, 1], [110, 8280]]}]",{}
91,NC_000962.3,BDQ-FRS-0.1-2024.06,1.1,GARC1,RUS,BDQ,pepQ@G85C,U,{},"[{""proportion"": 0.0, ""confidence"": [0.0, 0.7934506856227626], ""p_value"": 1.0, ""contingency"": [[0, 1], [110, 8280]]}]",{}
93,NC_000962.3,BDQ-FRS-0.1-2024.06,1.1,GARC1,RUS,BDQ,pepQ@K94N,U,{},"[{""proportion"": 0.0, ""confidence"": [0.0, 0.7934506856227626], ""p_value"": 1.0, ""contingency"": [[0, 1], [110, 8280]]}]",{}
95,NC_000962.3,BDQ-FRS-0.1-2024.06,1.1,GARC1,RUS,BDQ,Rv0678@345_del_g,U,{},"[{""proportion"": 0.0, ""confidence"": [0.0, 0.7934506856227626], ""p_value"": 1.0, ""contingency"": [[0, 1], [110, 8280]]}]",{}
96,NC_000962.3,BDQ-FRS-0.1-2024.06,1.1,GARC1,RUS,BDQ,Rv0678@A84V,U,{},"[{""proportion"": 1.0, ""confidence"": [0.20654931437723742, 1.0], ""p_value"": 0.1, ""contingency"": [[1, 0], [110, 8280]]}]",{}
97,NC_000962.3,BDQ-FRS-0.1-2024.06,1.1,GARC1,RUS,BDQ,Rv0678@T33P,U,{},"[{""proportion"": 0.0, ""confidence"": [0.0, 0.7934506856227626], ""p_value"": 1.0, ""contingency"": [[0, 1], [110, 8280]]}]",{}
98,NC_000962.3,BDQ-FRS-0.1-2024.06,1.1,GARC1,RUS,BDQ,pepQ@G162S,U,{},"[{""proportion"": 0.0, ""confidence"": [0.0, 0.7934506856227626], ""p_value"": 1.0, ""contingency"": [[0, 1], [110, 8280]]}]",{}
99,NC_000962.3,BDQ-FRS-0.1-2024.06,1.1,GARC1,RUS,BDQ,pepQ@S66L,U,{},"[{""proportion"": 0.0, ""confidence"": [0.0, 0.7934506856227626], ""p_value"": 1.0, ""contingency"": [[0, 1], [110, 8280]]}]",{}
100,NC_000962.3,BDQ-FRS-0.1-2024.06,1.1,GARC1,RUS,BDQ,Rv0678@L125M,U,{},"[{""proportion"": 0.0, ""confidence"": [0.0, 0.7934506856227626], ""p_value"": 1.0, ""contingency"": [[0, 1], [110, 8280]]}]",{}
101,NC_000962.3,BDQ-FRS-0.1-2024.06,1.1,GARC1,RUS,BDQ,pepQ@L225M,U,{},"[{""proportion"": 0.0, ""confidence"": [0.0, 0.7934506856227626], ""p_value"": 1.0, ""contingency"": [[0, 1], [110, 8280]]}]",{}
102,NC_000962.3,BDQ-FRS-0.1-2024.06,1.1,GARC1,RUS,BDQ,Rv0678@142_ins_t,U,{},"[{""proportion"": 0.0, ""confidence"": [0.0, 0.7934506856227626], ""p_value"": 1.0, ""contingency"": [[0, 1], [110, 8280]]}]",{}
103,NC_000962.3,BDQ-FRS-0.1-2024.06,1.1,GARC1,RUS,BDQ,pepQ@V238M,U,{},"[{""proportion"": 0.0, ""confidence"": [0.0, 0.7934506856227626], ""p_value"": 1.0, ""contingency"": [[0, 1], [110, 8280]]}]",{}
104,NC_000962.3,BDQ-FRS-0.1-2024.06,1.1,GARC1,RUS,BDQ,Rv0678@R50Q,U,{},"[{""proportion"": 0.5, ""confidence"": [0.09453120573423071, 0.9054687942657693], ""p_value"": 0.19, ""contingency"": [[1, 1], [110, 8280]]}]",{}
105,NC_000962.3,BDQ-FRS-0.1-2024.06,1.1,GARC1,RUS,BDQ,Rv0678@E104G,U,{},"[{""proportion"": 0.0, ""confidence"": [0.0, 0.7934506856227626], ""p_value"": 1.0, ""contingency"": [[0, 1], [110, 8280]]}]",{}
106,NC_000962.3,BDQ-FRS-0.1-2024.06,1.1,GARC1,RUS,BDQ,Rv0678@-19_ins_cagagta,U,{},"[{""proportion"": 0.0, ""confidence"": [0.0, 0.7934506856227626], ""p_value"": 1.0, ""contingency"": [[0, 1], [110, 8280]]}]",{}
107,NC_000962.3,BDQ-FRS-0.1-2024.06,1.1,GARC1,RUS,BDQ,pepQ@D108N,U,{},"[{""proportion"": 0.0, ""confidence"": [0.0, 0.7934506856227626], ""p_value"": 1.0, ""contingency"": [[0, 1], [110, 8280]]}]",{}
108,NC_000962.3,BDQ-FRS-0.1-2024.06,1.1,GARC1,RUS,BDQ,Rv0678@I108V,U,{},"[{""proportion"": 0.0, ""confidence"": [0.0, 0.6576197724933469], ""p_value"": 1.0, ""contingency"": [[0, 2], [110, 8280]]}]",{}
111,NC_000962.3,BDQ-FRS-0.1-2024.06,1.1,GARC1,RUS,BDQ,pepQ@A153G,U,{},"[{""proportion"": 0.0, ""confidence"": [4.8683609171202235e-17, 0.5614970317550455], ""p_value"": 1.0, ""contingency"": [[0, 3], [110, 8280]]}]",{}
112,NC_000962.3,BDQ-FRS-0.1-2024.06,1.1,GARC1,RUS,BDQ,Rv0678@D5G,U,{},"[{""proportion"": 0.0, ""confidence"": [0.0, 0.7934506856227626], ""p_value"": 1.0, ""contingency"": [[0, 1], [110, 8280]]}]",{}
113,NC_000962.3,BDQ-FRS-0.1-2024.06,1.1,GARC1,RUS,BDQ,Rv0678@-21_ins_ttc,U,{},"[{""proportion"": 0.0, ""confidence"": [0.0, 0.7934506856227626], ""p_value"": 1.0, ""contingency"": [[0, 1], [110, 8280]]}]",{}
114,NC_000962.3,BDQ-FRS-0.1-2024.06,1.1,GARC1,RUS,BDQ,Rv0678@234_ins_t,U,{},"[{""proportion"": 0.0, ""confidence"": [0.0, 0.6576197724933469], ""p_value"": 1.0, ""contingency"": [[0, 2], [110, 8280]]}]",{}
115,NC_000962.3,BDQ-FRS-0.1-2024.06,1.1,GARC1,RUS,BDQ,Rv0678@N70K,U,{},"[{""proportion"": 0.0, ""confidence"": [0.0, 0.7934506856227626], ""p_value"": 1.0, ""contingency"": [[0, 1], [110, 8280]]}]",{}
117,NC_000962.3,BDQ-FRS-0.1-2024.06,1.1,GARC1,RUS,BDQ,Rv0678@c-3a,U,{},"[{""proportion"": 0.0, ""confidence"": [0.0, 0.7934506856227626], ""p_value"": 1.0, ""contingency"": [[0, 1], [110, 8280]]}]",{}
118,NC_000962.3,BDQ-FRS-0.1-2024.06,1.1,GARC1,RUS,BDQ,pepQ@G58V,U,{},"[{""proportion"": 0.0, ""confidence"": [0.0, 0.7934506856227626], ""p_value"": 1.0, ""contingency"": [[0, 1], [110, 8280]]}]",{}
119,NC_000962.3,BDQ-FRS-0.1-2024.06,1.1,GARC1,RUS,BDQ,Rv0678@g-29a,U,{},"[{""proportion"": 0.0, ""confidence"": [0.0, 0.7934506856227626], ""p_value"": 1.0, ""contingency"": [[0, 1], [110, 8280]]}]",{}
120,NC_000962.3,BDQ-FRS-0.1-2024.06,1.1,GARC1,RUS,BDQ,pepQ@G272W,U,{},"[{""proportion"": 0.0, ""confidence"": [0.0, 0.6576197724933469], ""p_value"": 1.0, ""contingency"": [[0, 2], [110, 8280]]}]",{}
121,NC_000962.3,BDQ-FRS-0.1-2024.06,1.1,GARC1,RUS,BDQ,pepQ@A178T,U,{},"[{""proportion"": 0.0, ""confidence"": [0.0, 0.7934506856227626], ""p_value"": 1.0, ""contingency"": [[0, 1], [110, 8280]]}]",{}
122,NC_000962.3,BDQ-FRS-0.1-2024.06,1.1,GARC1,RUS,BDQ,pepQ@G166V,U,{},"[{""proportion"": 0.0, ""confidence"": [0.0, 0.7934506856227626], ""p_value"": 1.0, ""contingency"": [[0, 1], [110, 8280]]}]",{}
123,NC_000962.3,BDQ-FRS-0.1-2024.06,1.1,GARC1,RUS,BDQ,pepQ@E115G,U,{},"[{""proportion"": 0.0, ""confidence"": [0.0, 0.7934506856227626], ""p_value"": 1.0, ""contingency"": [[0, 1], [110, 8280]]}]",{}
124,NC_000962.3,BDQ-FRS-0.1-2024.06,1.1,GARC1,RUS,BDQ,pepQ@R164Q,U,{},"[{""proportion"": 0.0, ""confidence"": [0.0, 0.7934506856227626], ""p_value"": 1.0, ""contingency"": [[0, 1], [110, 8280]]}]",{}
125,NC_000962.3,BDQ-FRS-0.1-2024.06,1.1,GARC1,RUS,BDQ,pepQ@G260S,U,{},"[{""proportion"": 0.0, ""confidence"": [0.0, 0.7934506856227626], ""p_value"": 1.0, ""contingency"": [[0, 1], [110, 8280]]}]",{}
126,NC_000962.3,BDQ-FRS-0.1-2024.06,1.1,GARC1,RUS,BDQ,pepQ@t-14c,U,{},"[{""proportion"": 0.0, ""confidence"": [0.0, 0.7934506856227626], ""p_value"": 1.0, ""contingency"": [[0, 1], [110, 8280]]}]",{}
127,NC_000962.3,BDQ-FRS-0.1-2024.06,1.1,GARC1,RUS,BDQ,Rv0678@F27S,U,{},"[{""proportion"": 0.0, ""confidence"": [0.0, 0.7934506856227626], ""p_value"": 1.0, ""contingency"": [[0, 1], [110, 8280]]}]",{}
128,NC_000962.3,BDQ-FRS-0.1-2024.06,1.1,GARC1,RUS,BDQ,atpE@G32S,U,{},"[{""proportion"": 0.0, ""confidence"": [0.0, 0.7934506856227626], ""p_value"": 1.0, ""contingency"": [[0, 1], [110, 8280]]}]",{}
129,NC_000962.3,BDQ-FRS-0.1-2024.06,1.1,GARC1,RUS,BDQ,pepQ@L114M,U,{},"[{""proportion"": 0.0, ""confidence"": [0.0, 0.7934506856227626], ""p_value"": 1.0, ""contingency"": [[0, 1], [110, 8280]]}]",{}
130,NC_000962.3,BDQ-FRS-0.1-2024.06,1.1,GARC1,RUS,BDQ,pepQ@A313S,U,{},"[{""proportion"": 0.0, ""confidence"": [0.0, 0.7934506856227626], ""p_value"": 1.0, ""contingency"": [[0, 1], [110, 8280]]}]",{}
131,NC_000962.3,BDQ-FRS-0.1-2024.06,1.1,GARC1,RUS,BDQ,pepQ@G228E,U,{},"[{""proportion"": 0.0, ""confidence"": [0.0, 0.7934506856227626], ""p_value"": 1.0, ""contingency"": [[0, 1], [110, 8280]]}]",{}
132,NC_000962.3,BDQ-FRS-0.1-2024.06,1.1,GARC1,RUS,BDQ,Rv0678@c-11t,U,{},"[{""proportion"": 0.0, ""confidence"": [0.0, 0.7934506856227626], ""p_value"": 1.0, ""contingency"": [[0, 1], [110, 8280]]}]",{}
133,NC_000962.3,BDQ-FRS-0.1-2024.06,1.1,GARC1,RUS,BDQ,pepQ@Q257R,U,{},"[{""proportion"": 0.0, ""confidence"": [0.0, 0.7934506856227626], ""p_value"": 1.0, ""contingency"": [[0, 1], [110, 8280]]}]",{}
134,NC_000962.3,BDQ-FRS-0.1-2024.06,1.1,GARC1,RUS,BDQ,pepQ@V324M,U,{},"[{""proportion"": 0.0, ""confidence"": [0.0, 0.7934506856227626], ""p_value"": 1.0, ""contingency"": [[0, 1], [110, 8280]]}]",{}
135,NC_000962.3,BDQ-FRS-0.1-2024.06,1.1,GARC1,RUS,BDQ,Rv0678@E104D,U,{},"[{""proportion"": 0.0, ""confidence"": [0.0, 0.7934506856227626], ""p_value"": 1.0, ""contingency"": [[0, 1], [110, 8280]]}]",{}
136,NC_000962.3,BDQ-FRS-0.1-2024.06,1.1,GARC1,RUS,BDQ,Rv0678@A124S,U,{},"[{""proportion"": 0.0, ""confidence"": [0.0, 0.7934506856227626], ""p_value"": 1.0, ""contingency"": [[0, 1], [110, 8280]]}]",{}
137,NC_000962.3,BDQ-FRS-0.1-2024.06,1.1,GARC1,RUS,BDQ,atpE@V39I,U,{},"[{""proportion"": 0.0, ""confidence"": [0.0, 0.7934506856227626], ""p_value"": 1.0, ""contingency"": [[0, 1], [110, 8280]]}]",{}
138,NC_000962.3,BDQ-FRS-0.1-2024.06,1.1,GARC1,RUS,BDQ,pepQ@L44M,U,{},"[{""proportion"": 0.0, ""confidence"": [0.0, 0.7934506856227626], ""p_value"": 1.0, ""contingency"": [[0, 1], [110, 8280]]}]",{}
139,NC_000962.3,BDQ-FRS-0.1-2024.06,1.1,GARC1,RUS,BDQ,pepQ@Q257K,U,{},"[{""proportion"": 0.0, ""confidence"": [0.0, 0.7934506856227626], ""p_value"": 1.0, ""contingency"": [[0, 1], [110, 8280]]}]",{}
140,NC_000962.3,BDQ-FRS-0.1-2024.06,1.1,GARC1,RUS,BDQ,pepQ@413_del_g,U,{},"[{""proportion"": 0.0, ""confidence"": [0.0, 0.7934506856227626], ""p_value"": 1.0, ""contingency"": [[0, 1], [110, 8280]]}]",{}
141,NC_000962.3,BDQ-FRS-0.1-2024.06,1.1,GARC1,RUS,BDQ,Rv0678@G25C,U,{},"[{""proportion"": 0.0, ""confidence"": [0.0, 0.7934506856227626], ""p_value"": 1.0, ""contingency"": [[0, 1], [110, 8280]]}]",{}
142,NC_000962.3,BDQ-FRS-0.1-2024.06,1.1,GARC1,RUS,BDQ,Rv0678@M10I,U,{},"[{""proportion"": 0.0, ""confidence"": [0.0, 0.7934506856227626], ""p_value"": 1.0, ""contingency"": [[0, 1], [110, 8280]]}]",{}
143,NC_000962.3,BDQ-FRS-0.1-2024.06,1.1,GARC1,RUS,BDQ,pepQ@D20G,U,{},"[{""proportion"": 0.0, ""confidence"": [0.0, 0.6576197724933469], ""p_value"": 1.0, ""contingency"": [[0, 2], [110, 8280]]}]",{}
144,NC_000962.3,BDQ-FRS-0.1-2024.06,1.1,GARC1,RUS,BDQ,Rv0678@A59V,U,{},"[{""proportion"": 0.0, ""confidence"": [0.0, 0.7934506856227626], ""p_value"": 1.0, ""contingency"": [[0, 1], [110, 8280]]}]",{}
146,NC_000962.3,BDQ-FRS-0.1-2024.06,1.1,GARC1,RUS,BDQ,Rv0678@325_ins_g,U,{},"[{""proportion"": 1.0, ""confidence"": [0.20654931437723742, 1.0], ""p_value"": 0.1, ""contingency"": [[1, 0], [110, 8280]]}]",{}
147,NC_000962.3,BDQ-FRS-0.1-2024.06,1.1,GARC1,RUS,BDQ,Rv0678@R107C,U,{},"[{""proportion"": 0.5, ""confidence"": [0.09453120573423071, 0.9054687942657693], ""p_value"": 0.19, ""contingency"": [[1, 1], [110, 8280]]}]",{}
148,NC_000962.3,BDQ-FRS-0.1-2024.06,1.1,GARC1,RUS,BDQ,Rv0678@G87R,U,{},"[{""proportion"": 0.0, ""confidence"": [0.0, 0.7934506856227626], ""p_value"": 1.0, ""contingency"": [[0, 1], [110, 8280]]}]",{}
149,NC_000962.3,BDQ-FRS-0.1-2024.06,1.1,GARC1,RUS,BDQ,Rv0678@418_ins_g,U,{},"[{""proportion"": 0.5, ""confidence"": [0.09453120573423071, 0.9054687942657693], ""p_value"": 0.19, ""contingency"": [[1, 1], [110, 8280]]}]",{}
151,NC_000962.3,BDQ-FRS-0.1-2024.06,1.1,GARC1,RUS,BDQ,Rv0678@V120M,U,{},"[{""proportion"": 0.0, ""confidence"": [0.0, 0.7934506856227626], ""p_value"": 1.0, ""contingency"": [[0, 1], [110, 8280]]}]",{}
153,NC_000962.3,BDQ-FRS-0.1-2024.06,1.1,GARC1,RUS,BDQ,pepQ@H100R,U,{},"[{""proportion"": 0.0, ""confidence"": [0.0, 0.7934506856227626], ""p_value"": 1.0, ""contingency"": [[0, 1], [110, 8280]]}]",{}
154,NC_000962.3,BDQ-FRS-0.1-2024.06,1.1,GARC1,RUS,BDQ,Rv0678@Q22R,U,{},"[{""proportion"": 0.0, ""confidence"": [0.0, 0.7934506856227626], ""p_value"": 1.0, ""contingency"": [[0, 1], [110, 8280]]}]",{}
156,NC_000962.3,BDQ-FRS-0.1-2024.06,1.1,GARC1,RUS,BDQ,Rv0678@T69P,U,{},"[{""proportion"": 0.0, ""confidence"": [0.0, 0.7934506856227626], ""p_value"": 1.0, ""contingency"": [[0, 1], [110, 8280]]}]",{}
157,NC_000962.3,BDQ-FRS-0.1-2024.06,1.1,GARC1,RUS,BDQ,Rv0678@T58P,U,{},"[{""proportion"": 0.0, ""confidence"": [0.0, 0.7934506856227626], ""p_value"": 1.0, ""contingency"": [[0, 1], [110, 8280]]}]",{}
158,NC_000962.3,BDQ-FRS-0.1-2024.06,1.1,GARC1,RUS,BDQ,pepQ@817_ins_g,U,{},"[{""proportion"": 0.5, ""confidence"": [0.09453120573423071, 0.9054687942657693], ""p_value"": 0.19, ""contingency"": [[1, 1], [110, 8280]]}]",{}
159,NC_000962.3,BDQ-FRS-0.1-2024.06,1.1,GARC1,RUS,BDQ,Rv0678@L74M,U,{},"[{""proportion"": 0.0, ""confidence"": [0.0, 0.7934506856227626], ""p_value"": 1.0, ""contingency"": [[0, 1], [110, 8280]]}]",{}
162,NC_000962.3,BDQ-FRS-0.1-2024.06,1.1,GARC1,RUS,BDQ,Rv0678@R96L,U,{},"[{""proportion"": 0.5, ""confidence"": [0.09453120573423071, 0.9054687942657693], ""p_value"": 0.19, ""contingency"": [[1, 1], [110, 8280]]}]",{}
168,NC_000962.3,BDQ-FRS-0.1-2024.06,1.1,GARC1,RUS,BDQ,atpE@A45V,U,{},"[{""proportion"": 0.0, ""confidence"": [0.0, 0.7934506856227626], ""p_value"": 1.0, ""contingency"": [[0, 1], [110, 8280]]}]",{}
169,NC_000962.3,BDQ-FRS-0.1-2024.06,1.1,GARC1,RUS,BDQ,Rv0678@D15A,U,{},"[{""proportion"": 0.0, ""confidence"": [0.0, 0.7934506856227626], ""p_value"": 1.0, ""contingency"": [[0, 1], [110, 8280]]}]",{}
170,NC_000962.3,BDQ-FRS-0.1-2024.06,1.1,GARC1,RUS,BDQ,pepQ@A370V,U,{},"[{""proportion"": 0.0, ""confidence"": [0.0, 0.6576197724933469], ""p_value"": 1.0, ""contingency"": [[0, 2], [110, 8280]]}]",{}
171,NC_000962.3,BDQ-FRS-0.1-2024.06,1.1,GARC1,RUS,BDQ,Rv0678@G66R,U,{},"[{""proportion"": 0.0, ""confidence"": [0.0, 0.6576197724933469], ""p_value"": 1.0, ""contingency"": [[0, 2], [110, 8280]]}]",{}
172,NC_000962.3,BDQ-FRS-0.1-2024.06,1.1,GARC1,RUS,BDQ,pepQ@S99R,U,{},"[{""proportion"": 0.0, ""confidence"": [0.0, 0.6576197724933469], ""p_value"": 1.0, ""contingency"": [[0, 2], [110, 8280]]}]",{}
173,NC_000962.3,BDQ-FRS-0.1-2024.06,1.1,GARC1,RUS,BDQ,Rv0678@R156!,U,{},"[{""proportion"": 0.5, ""confidence"": [0.09453120573423071, 0.9054687942657693], ""p_value"": 0.19, ""contingency"": [[1, 1], [110, 8280]]}]",{}
174,NC_000962.3,BDQ-FRS-0.1-2024.06,1.1,GARC1,RUS,BDQ,pepQ@G91D,U,{},"[{""proportion"": 0.0, ""confidence"": [0.0, 0.7934506856227626], ""p_value"": 1.0, ""contingency"": [[0, 1], [110, 8280]]}]",{}
175,NC_000962.3,BDQ-FRS-0.1-2024.06,1.1,GARC1,RUS,BDQ,pepQ@T234S,U,{},"[{""proportion"": 0.0, ""confidence"": [0.0, 0.7934506856227626], ""p_value"": 1.0, ""contingency"": [[0, 1], [110, 8280]]}]",{}
176,NC_000962.3,BDQ-FRS-0.1-2024.06,1.1,GARC1,RUS,BDQ,atpE@F74L,U,{},"[{""proportion"": 0.0, ""confidence"": [0.0, 0.7934506856227626], ""p_value"": 1.0, ""contingency"": [[0, 1], [110, 8280]]}]",{}
177,NC_000962.3,BDQ-FRS-0.1-2024.06,1.1,GARC1,RUS,BDQ,pepQ@L71V,U,{},"[{""proportion"": 0.0, ""confidence"": [0.0, 0.7934506856227626], ""p_value"": 1.0, ""contingency"": [[0, 1], [110, 8280]]}]",{}
178,NC_000962.3,BDQ-FRS-0.1-2024.06,1.1,GARC1,RUS,BDQ,Rv0678@394_del_cgaa,U,{},"[{""proportion"": 0.0, ""confidence"": [0.0, 0.7934506856227626], ""p_value"": 1.0, ""contingency"": [[0, 1], [110, 8280]]}]",{}
179,NC_000962.3,BDQ-FRS-0.1-2024.06,1.1,GARC1,RUS,BDQ,Rv0678@del_1.0,U,{},"[{""proportion"": 1.0, ""confidence"": [0.20654931437723742, 1.0], ""p_value"": 0.1, ""contingency"": [[1, 0], [110, 8280]]}]",{}
182,NC_000962.3,BDQ-FRS-0.1-2024.06,1.1,GARC1,RUS,BDQ,atpE@-44_ins_c,U,{},"[{""proportion"": 0.0, ""confidence"": [0.0, 0.7934506856227626], ""p_value"": 1.0, ""contingency"": [[0, 1], [110, 8280]]}]",{}
184,NC_000962.3,BDQ-FRS-0.1-2024.06,1.1,GARC1,RUS,BDQ,Rv0678@137_ins_tga,U,{},"[{""proportion"": 1.0, ""confidence"": [0.20654931437723742, 1.0], ""p_value"": 0.1, ""contingency"": [[1, 0], [110, 8280]]}]",{}
186,NC_000962.3,BDQ-FRS-0.1-2024.06,1.1,GARC1,RUS,BDQ,Rv0678@R50G,U,{},"[{""proportion"": 1.0, ""confidence"": [0.20654931437723742, 1.0], ""p_value"": 0.1, ""contingency"": [[1, 0], [110, 8280]]}]",{}
189,NC_000962.3,BDQ-FRS-0.1-2024.06,1.1,GARC1,RUS,BDQ,Rv0678@125_del_g,U,{},"[{""proportion"": 1.0, ""confidence"": [0.20654931437723742, 1.0], ""p_value"": 0.1, ""contingency"": [[1, 0], [110, 8280]]}]",{}
190,NC_000962.3,BDQ-FRS-0.1-2024.06,1.1,GARC1,RUS,BDQ,Rv0678@242_ins_gc,U,{},"[{""proportion"": 1.0, ""confidence"": [0.20654931437723742, 1.0], ""p_value"": 0.1, ""contingency"": [[1, 0], [110, 8280]]}]",{}
191,NC_000962.3,BDQ-FRS-0.1-2024.06,1.1,GARC1,RUS,BDQ,Rv0678@Y92C,U,{},"[{""proportion"": 1.0, ""confidence"": [0.20654931437723742, 1.0], ""p_value"": 0.1, ""contingency"": [[1, 0], [110, 8280]]}]",{}
192,NC_000962.3,BDQ-FRS-0.1-2024.06,1.1,GARC1,RUS,BDQ,Rv0678@L83F,U,{},"[{""proportion"": 1.0, ""confidence"": [0.20654931437723742, 1.0], ""p_value"": 0.1, ""contingency"": [[1, 0], [110, 8280]]}]",{}
196,NC_000962.3,BDQ-FRS-0.1-2024.06,1.1,GARC1,RUS,BDQ,Rv0678@A102V,U,{},"[{""proportion"": 1.0, ""confidence"": [0.20654931437723742, 1.0], ""p_value"": 0.1, ""contingency"": [[1, 0], [110, 8280]]}]",{}
197,NC_000962.3,BDQ-FRS-0.1-2024.06,1.1,GARC1,RUS,BDQ,Rv0678@F79L,U,{},"[{""proportion"": 1.0, ""confidence"": [0.20654931437723742, 1.0], ""p_value"": 0.1, ""contingency"": [[1, 0], [110, 8280]]}]",{}
198,NC_000962.3,BDQ-FRS-0.1-2024.06,1.1,GARC1,RUS,BDQ,Rv0678@466_ins_g,U,{},"[{""proportion"": 1.0, ""confidence"": [0.20654931437723742, 1.0], ""p_value"": 0.1, ""contingency"": [[1, 0], [110, 8280]]}]",{}
199,NC_000962.3,BDQ-FRS-0.1-2024.06,1.1,GARC1,RUS,BDQ,Rv0678@E106K,U,{},"[{""proportion"": 1.0, ""confidence"": [0.20654931437723742, 1.0], ""p_value"": 0.1, ""contingency"": [[1, 0], [110, 8280]]}]",{}
202,NC_000962.3,BDQ-FRS-0.1-2024.06,1.1,GARC1,RUS,BDQ,Rv0678@133_del_gt,U,{},"[{""proportion"": 1.0, ""confidence"": [0.20654931437723742, 1.0], ""p_value"": 0.1, ""contingency"": [[1, 0], [110, 8280]]}]",{}
203,NC_000962.3,BDQ-FRS-0.1-2024.06,1.1,GARC1,RUS,BDQ,Rv0678@S53L,U,{},"[{""proportion"": 1.0, ""confidence"": [0.20654931437723742, 1.0], ""p_value"": 0.1, ""contingency"": [[1, 0], [110, 8280]]}]",{}
204,NC_000962.3,BDQ-FRS-0.1-2024.06,1.1,GARC1,RUS,BDQ,pepQ@151_ins_cg,U,{},"[{""proportion"": 1.0, ""confidence"": [0.20654931437723742, 1.0], ""p_value"": 0.1, ""contingency"": [[1, 0], [110, 8280]]}]",{}
205,NC_000962.3,BDQ-FRS-0.1-2024.06,1.1,GARC1,RUS,BDQ,Rv0678@S68Z,U,{},"[{""proportion"": 1.0, ""confidence"": [0.20654931437723742, 1.0], ""p_value"": 0.1, ""contingency"": [[1, 0], [110, 8280]]}]",{}
206,NC_000962.3,BDQ-FRS-0.1-2024.06,1.1,GARC1,RUS,BDQ,Rv0678@Y26H,U,{},"[{""proportion"": 1.0, ""confidence"": [0.20654931437723742, 1.0], ""p_value"": 0.1, ""contingency"": [[1, 0], [110, 8280]]}]",{}
207,NC_000962.3,BDQ-FRS-0.1-2024.06,1.1,GARC1,RUS,BDQ,Rv0678@D47G,U,{},"[{""proportion"": 1.0, ""confidence"": [0.20654931437723742, 1.0], ""p_value"": 0.1, ""contingency"": [[1, 0], [110, 8280]]}]",{}
211,NC_000962.3,BDQ-FRS-0.1-2024.06,1.1,GARC1,RUS,BDQ,Rv0678@Q76K,U,{},"[{""proportion"": 1.0, ""confidence"": [0.20654931437723742, 1.0], ""p_value"": 0.1, ""contingency"": [[1, 0], [110, 8280]]}]",{}
212,NC_000962.3,BDQ-FRS-0.1-2024.06,1.1,GARC1,RUS,BDQ,Rv0678@S53!,U,{},"[{""proportion"": 1.0, ""confidence"": [0.20654931437723742, 1.0], ""p_value"": 0.1, ""contingency"": [[1, 0], [110, 8280]]}]",{}
213,NC_000962.3,BDQ-FRS-0.1-2024.06,1.1,GARC1,RUS,BDQ,Rv0678@S63G,U,{},"[{""proportion"": 1.0, ""confidence"": [0.20654931437723742, 1.0], ""p_value"": 0.1, ""contingency"": [[1, 0], [110, 8280]]}]",{}
214,NC_000962.3,BDQ-FRS-0.1-2024.06,1.1,GARC1,RUS,BDQ,Rv0678@Y157!,U,{},"[{""proportion"": 1.0, ""confidence"": [0.20654931437723742, 1.0], ""p_value"": 0.1, ""contingency"": [[1, 0], [110, 8280]]}]",{}
215,NC_000962.3,BDQ-FRS-0.1-2024.06,1.1,GARC1,RUS,BDQ,Rv0678@F100I,U,{},"[{""proportion"": 1.0, ""confidence"": [0.20654931437723742, 1.0], ""p_value"": 0.1, ""contingency"": [[1, 0], [110, 8280]]}]",{}
216,NC_000962.3,BDQ-FRS-0.1-2024.06,1.1,GARC1,RUS,BDQ,Rv0678@W42!,U,{},"[{""proportion"": 1.0, ""confidence"": [0.20654931437723742, 1.0], ""p_value"": 0.1, ""contingency"": [[1, 0], [110, 8280]]}]",{}
219,NC_000962.3,BDQ-FRS-0.1-2024.06,1.1,GARC1,RUS,BDQ,Rv0678@R50P,U,{},"[{""proportion"": 1.0, ""confidence"": [0.20654931437723742, 1.0], ""p_value"": 0.1, ""contingency"": [[1, 0], [110, 8280]]}]",{}
221,NC_000962.3,BDQ-FRS-0.1-2024.06,1.1,GARC1,RUS,BDQ,Rv0678@L83P,U,{},"[{""proportion"": 1.0, ""confidence"": [0.20654931437723742, 1.0], ""p_value"": 0.1, ""contingency"": [[1, 0], [110, 8280]]}]",{}
223,NC_000962.3,BDQ-FRS-0.1-2024.06,1.1,GARC1,RUS,BDQ,Rv0678@A153V,U,{},"[{""proportion"": 1.0, ""confidence"": [0.20654931437723742, 1.0], ""p_value"": 0.1, ""contingency"": [[1, 0], [110, 8280]]}]",{}
224,NC_000962.3,BDQ-FRS-0.1-2024.06,1.1,GARC1,RUS,BDQ,Rv0678@R105S,U,{},"[{""proportion"": 1.0, ""confidence"": [0.20654931437723742, 1.0], ""p_value"": 0.1, ""contingency"": [[1, 0], [110, 8280]]}]",{}
226,NC_000962.3,BDQ-FRS-0.1-2024.06,1.1,GARC1,RUS,BDQ,Rv0678@I16S,U,{},"[{""proportion"": 1.0, ""confidence"": [0.20654931437723742, 1.0], ""p_value"": 0.1, ""contingency"": [[1, 0], [110, 8280]]}]",{}
227,NC_000962.3,BDQ-FRS-0.1-2024.06,1.1,GARC1,RUS,BDQ,pepQ@L83R,U,{},"[{""proportion"": 1.0, ""confidence"": [0.20654931437723742, 1.0], ""p_value"": 0.1, ""contingency"": [[1, 0], [110, 8280]]}]",{}
229,NC_000962.3,BDQ-FRS-0.1-2024.06,1.1,GARC1,RUS,BDQ,Rv0678@132_del_gg,U,{},"[{""proportion"": 1.0, ""confidence"": [0.20654931437723742, 1.0], ""p_value"": 0.1, ""contingency"": [[1, 0], [110, 8280]]}]",{}
230,NC_000962.3,BDQ-FRS-0.1-2024.06,1.1,GARC1,RUS,BDQ,Rv0678@369_ins_gc,U,{},"[{""proportion"": 1.0, ""confidence"": [0.20654931437723742, 1.0], ""p_value"": 0.1, ""contingency"": [[1, 0], [110, 8280]]}]",{}
231,NC_000962.3,BDQ-FRS-0.1-2024.06,1.1,GARC1,RUS,BDQ,Rv0678@426_ins_t,U,{},"[{""proportion"": 1.0, ""confidence"": [0.20654931437723742, 1.0], ""p_value"": 0.1, ""contingency"": [[1, 0], [110, 8280]]}]",{}
232,NC_000962.3,BDQ-FRS-0.1-2024.06,1.1,GARC1,RUS,BDQ,pepQ@928_ins_g,U,{},"[{""proportion"": 0.0, ""confidence"": [0.0, 0.7934506856227626], ""p_value"": 1.0, ""contingency"": [[0, 1], [110, 8280]]}]",{}
235,NC_000962.3,BDQ-FRS-0.1-2024.06,1.1,GARC1,RUS,BDQ,Rv0678@199_ins_tc,U,{},"[{""proportion"": 1.0, ""confidence"": [0.20654931437723742, 1.0], ""p_value"": 0.1, ""contingency"": [[1, 0], [110, 8280]]}]",{}
239,NC_000962.3,BDQ-FRS-0.1-2024.06,1.1,GARC1,RUS,BDQ,Rv0678@R38!,U,{},"[{""proportion"": 1.0, ""confidence"": [0.20654931437723742, 1.0], ""p_value"": 0.1, ""contingency"": [[1, 0], [110, 8280]]}]",{}
240,NC_000962.3,BDQ-FRS-0.1-2024.06,1.1,GARC1,RUS,BDQ,Rv0678@347_ins_c,U,{},"[{""proportion"": 1.0, ""confidence"": [0.20654931437723742, 1.0], ""p_value"": 0.1, ""contingency"": [[1, 0], [110, 8280]]}]",{}
241,NC_000962.3,BDQ-FRS-0.1-2024.06,1.1,GARC1,RUS,BDQ,Rv0678@R34Q,U,{},"[{""proportion"": 1.0, ""confidence"": [0.20654931437723742, 1.0], ""p_value"": 0.1, ""contingency"": [[1, 0], [110, 8280]]}]",{}
242,NC_000962.3,BDQ-FRS-0.1-2024.06,1.1,GARC1,RUS,BDQ,Rv0678@138_ins_gatc,U,{},"[{""proportion"": 1.0, ""confidence"": [0.20654931437723742, 1.0], ""p_value"": 0.1, ""contingency"": [[1, 0], [110, 8280]]}]",{}
243,NC_000962.3,BDQ-FRS-0.1-2024.06,1.1,GARC1,RUS,BDQ,Rv0678@S63R,U,{},"[{""proportion"": 1.0, ""confidence"": [0.20654931437723742, 1.0], ""p_value"": 0.1, ""contingency"": [[1, 0], [110, 8280]]}]",{}
244,NC_000962.3,BDQ-FRS-0.1-2024.06,1.1,GARC1,RUS,BDQ,Rv0678@A124E,U,{},"[{""proportion"": 1.0, ""confidence"": [0.20654931437723742, 1.0], ""p_value"": 0.1, ""contingency"": [[1, 0], [110, 8280]]}]",{}
245,NC_000962.3,BDQ-FRS-0.1-2024.06,1.1,GARC1,RUS,BDQ,Rv0678@G24R,U,{},"[{""proportion"": 1.0, ""confidence"": [0.20654931437723742, 1.0], ""p_value"": 0.1, ""contingency"": [[1, 0], [110, 8280]]}]",{}
247,NC_000962.3,BDQ-FRS-0.1-2024.06,1.1,GARC1,RUS,BDQ,Rv0678@A102P,U,{},"[{""proportion"": 1.0, ""confidence"": [0.20654931437723742, 1.0], ""p_value"": 0.1, ""contingency"": [[1, 0], [110, 8280]]}]",{}
248,NC_000962.3,BDQ-FRS-0.1-2024.06,1.1,GARC1,RUS,BDQ,Rv0678@429_ins_gc,U,{},"[{""proportion"": 1.0, ""confidence"": [0.20654931437723742, 1.0], ""p_value"": 0.1, ""contingency"": [[1, 0], [110, 8280]]}]",{}
249,NC_000962.3,BDQ-FRS-0.1-2024.06,1.1,GARC1,RUS,BDQ,Rv0678@415_del_atgcgggat,U,{},"[{""proportion"": 1.0, ""confidence"": [0.20654931437723742, 1.0], ""p_value"": 0.1, ""contingency"": [[1, 0], [110, 8280]]}]",{}
251,NC_000962.3,BDQ-FRS-0.1-2024.06,1.1,GARC1,RUS,BDQ,Rv0678@273_ins_a,U,{},"[{""proportion"": 1.0, ""confidence"": [0.20654931437723742, 1.0], ""p_value"": 0.1, ""contingency"": [[1, 0], [110, 8280]]}]",{}
252,NC_000962.3,BDQ-FRS-0.1-2024.06,1.1,GARC1,RUS,BDQ,Rv0678@S64I,U,{},"[{""proportion"": 1.0, ""confidence"": [0.20654931437723742, 1.0], ""p_value"": 0.1, ""contingency"": [[1, 0], [110, 8280]]}]",{}
254,NC_000962.3,BDQ-FRS-0.1-2024.06,1.1,GARC1,RUS,BDQ,Rv0678@Q76!,U,{},"[{""proportion"": 1.0, ""confidence"": [0.20654931437723742, 1.0], ""p_value"": 0.1, ""contingency"": [[1, 0], [110, 8280]]}]",{}
256,NC_000962.3,BDQ-FRS-0.1-2024.06,1.1,GARC1,RUS,BDQ,Rv0678@394_ins_ga,U,{},"[{""proportion"": 1.0, ""confidence"": [0.20654931437723742, 1.0], ""p_value"": 0.1, ""contingency"": [[1, 0], [110, 8280]]}]",{}
257,NC_000962.3,BDQ-FRS-0.1-2024.06,1.1,GARC1,RUS,BDQ,Rv0678@437_del_t,U,{},"[{""proportion"": 1.0, ""confidence"": [0.20654931437723742, 1.0], ""p_value"": 0.1, ""contingency"": [[1, 0], [110, 8280]]}]",{}
258,NC_000962.3,BDQ-FRS-0.1-2024.06,1.1,GARC1,RUS,BDQ,Rv0678@S52F,U,{},"[{""proportion"": 1.0, ""confidence"": [0.20654931437723742, 1.0], ""p_value"": 0.1, ""contingency"": [[1, 0], [110, 8280]]}]",{}
259,NC_000962.3,BDQ-FRS-0.1-2024.06,1.1,GARC1,RUS,BDQ,Rv0678@383_del_c,U,{},"[{""proportion"": 1.0, ""confidence"": [0.20654931437723742, 1.0], ""p_value"": 0.1, ""contingency"": [[1, 0], [110, 8280]]}]",{}
262,NC_000962.3,BDQ-FRS-0.1-2024.06,1.1,GARC1,RUS,BDQ,Rv0678@67_ins_t,U,{},"[{""proportion"": 1.0, ""confidence"": [0.20654931437723742, 1.0], ""p_value"": 0.1, ""contingency"": [[1, 0], [110, 8280]]}]",{}
263,NC_000962.3,BDQ-FRS-0.1-2024.06,1.1,GARC1,RUS,BDQ,pepQ@D26A,U,{},"[{""proportion"": 0.0, ""confidence"": [0.0, 0.6576197724933469], ""p_value"": 1.0, ""contingency"": [[0, 2], [110, 8280]]}]",{}
264,NC_000962.3,BDQ-FRS-0.1-2024.06,1.1,GARC1,RUS,BDQ,pepQ@S66P,U,{},"[{""proportion"": 0.0, ""confidence"": [0.0, 0.7934506856227626], ""p_value"": 1.0, ""contingency"": [[0, 1], [110, 8280]]}]",{}
265,NC_000962.3,BDQ-FRS-0.1-2024.06,1.1,GARC1,RUS,BDQ,Rv0678@R89W,U,{},"[{""proportion"": 1.0, ""confidence"": [0.20654931437723742, 1.0], ""p_value"": 0.1, ""contingency"": [[1, 0], [110, 8280]]}]",{}
266,NC_000962.3,BDQ-FRS-0.1-2024.06,1.1,GARC1,RUS,BDQ,pepQ@V102I,U,{},"[{""proportion"": 0.0, ""confidence"": [0.0, 0.7934506856227626], ""p_value"": 1.0, ""contingency"": [[0, 1], [110, 8280]]}]",{}
267,NC_000962.3,BDQ-FRS-0.1-2024.06,1.1,GARC1,RUS,BDQ,Rv0678@232_ins_ggt,U,{},"[{""proportion"": 1.0, ""confidence"": [0.20654931437723742, 1.0], ""p_value"": 0.1, ""contingency"": [[1, 0], [110, 8280]]}]",{}
268,NC_000962.3,BDQ-FRS-0.1-2024.06,1.1,GARC1,RUS,BDQ,Rv0678@138_indel,U,{},"[{""proportion"": 1.0, ""confidence"": [0.20654931437723742, 1.0], ""p_value"": 0.1, ""contingency"": [[1, 0], [110, 8280]]}]",{}
269,NC_000962.3,BDQ-FRS-0.1-2024.06,1.1,GARC1,RUS,BDQ,pepQ@230_ins_g,U,{},"[{""proportion"": 1.0, ""confidence"": [0.20654931437723742, 1.0], ""p_value"": 0.1, ""contingency"": [[1, 0], [110, 8280]]}]",{}
270,NC_000962.3,BDQ-FRS-0.1-2024.06,1.1,GARC1,RUS,BDQ,Rv0678@G66V,U,{},"[{""proportion"": 1.0, ""confidence"": [0.20654931437723742, 1.0], ""p_value"": 0.1, ""contingency"": [[1, 0], [110, 8280]]}]",{}
271,NC_000962.3,BDQ-FRS-0.1-2024.06,1.1,GARC1,RUS,BDQ,Rv0678@138_ins_ga,U,{},"[{""proportion"": 1.0, ""confidence"": [0.20654931437723742, 1.0], ""p_value"": 0.1, ""contingency"": [[1, 0], [110, 8280]]}]",{}
272,NC_000962.3,BDQ-FRS-0.1-2024.06,1.1,GARC1,RUS,BDQ,Rv0678@G103R,U,{},"[{""proportion"": 1.0, ""confidence"": [0.20654931437723742, 1.0], ""p_value"": 0.1, ""contingency"": [[1, 0], [110, 8280]]}]",{}
273,NC_000962.3,BDQ-FRS-0.1-2024.06,1.1,GARC1,RUS,BDQ,Rv0678@167_del_tggcgacggcgctggcggccagcagcggggggatcagcaccaatgcccggatgctgatccaatttgggttcattgagcggctcgcggtcgccggggatcggcgcacctattt,U,{},"[{""proportion"": 1.0, ""confidence"": [0.20654931437723742, 1.0], ""p_value"": 0.1, ""contingency"": [[1, 0], [110, 8280]]}]",{}
274,NC_000962.3,BDQ-FRS-0.1-2024.06,1.1,GARC1,RUS,BDQ,Rv0678@193_indel,U,{},"[{""proportion"": 1.0, ""confidence"": [0.20654931437723742, 1.0], ""p_value"": 0.1, ""contingency"": [[1, 0], [110, 8280]]}]",{}
275,NC_000962.3,BDQ-FRS-0.1-2024.06,1.1,GARC1,RUS,BDQ,Rv0678@R38L,U,{},"[{""proportion"": 1.0, ""confidence"": [0.20654931437723742, 1.0], ""p_value"": 0.1, ""contingency"": [[1, 0], [110, 8280]]}]",{}
277,NC_000962.3,BDQ-FRS-0.1-2024.06,1.1,GARC1,RUS,BDQ,Rv0678@-*_indel,U,{},"{""default_rule"": ""True""}",{}
278,NC_000962.3,BDQ-FRS-0.1-2024.06,1.1,GARC1,RUS,BDQ,Rv0678@*_indel,U,{},"{""default_rule"": ""True""}",{}
279,NC_000962.3,BDQ-FRS-0.1-2024.06,1.1,GARC1,RUS,BDQ,Rv0678@-*?,U,{},"{""default_rule"": ""True""}",{}
280,NC_000962.3,BDQ-FRS-0.1-2024.06,1.1,GARC1,RUS,BDQ,Rv0678@*?,U,{},"{""default_rule"": ""True""}",{}
281,NC_000962.3,BDQ-FRS-0.1-2024.06,1.1,GARC1,RUS,BDQ,Rv0678@del_0.0,U,{},"{""default_rule"": ""True""}",{}
283,NC_000962.3,BDQ-FRS-0.1-2024.06,1.1,GARC1,RUS,BDQ,pepQ@-*_indel,U,{},"{""default_rule"": ""True""}",{}
284,NC_000962.3,BDQ-FRS-0.1-2024.06,1.1,GARC1,RUS,BDQ,pepQ@*_indel,U,{},"{""default_rule"": ""True""}",{}
285,NC_000962.3,BDQ-FRS-0.1-2024.06,1.1,GARC1,RUS,BDQ,pepQ@-*?,U,{},"{""default_rule"": ""True""}",{}
286,NC_000962.3,BDQ-FRS-0.1-2024.06,1.1,GARC1,RUS,BDQ,pepQ@*?,U,{},"{""default_rule"": ""True""}",{}
287,NC_000962.3,BDQ-FRS-0.1-2024.06,1.1,GARC1,RUS,BDQ,pepQ@del_0.0,U,{},"{""default_rule"": ""True""}",{}
289,NC_000962.3,BDQ-FRS-0.1-2024.06,1.1,GARC1,RUS,BDQ,atpE@-*_indel,U,{},"{""default_rule"": ""True""}",{}
290,NC_000962.3,BDQ-FRS-0.1-2024.06,1.1,GARC1,RUS,BDQ,atpE@*_indel,U,{},"{""default_rule"": ""True""}",{}
291,NC_000962.3,BDQ-FRS-0.1-2024.06,1.1,GARC1,RUS,BDQ,atpE@-*?,U,{},"{""default_rule"": ""True""}",{}
292,NC_000962.3,BDQ-FRS-0.1-2024.06,1.1,GARC1,RUS,BDQ,atpE@*?,U,{},"{""default_rule"": ""True""}",{}
293,NC_000962.3,BDQ-FRS-0.1-2024.06,1.1,GARC1,RUS,BDQ,atpE@del_0.0,U,{},"{""default_rule"": ""True""}",{}
