GENBANK_REFERENCE,CATALOGUE_NAME,CATALOGUE_VERSION,CATALOGUE_GRAMMAR,PREDICTION_VALUES,DRUG,MUTATION,PREDICTION,SOURCE,EVIDENCE,OTHER
NC_000962.3,BDQ-FRS-78.99999999999997-2024.01,1.1,GARC1,RUS,BDQ,pepQ@V238M,S,{},"{""solo_R"": 0, ""solo_S"": 1, ""background_R"": 323, ""background_S"": 10431, ""p_value"": 1.0}",{}
NC_000962.3,BDQ-FRS-78.99999999999997-2024.01,1.1,GARC1,RUS,BDQ,Rv0678@R50Q,S,{},"{""solo_R"": 0, ""solo_S"": 2, ""background_R"": 323, ""background_S"": 10431, ""p_value"": 1.0}",{}
NC_000962.3,BDQ-FRS-78.99999999999997-2024.01,1.1,GARC1,RUS,BDQ,Rv0678@E55D,S,{},"{""solo_R"": 0, ""solo_S"": 14, ""background_R"": 323, ""background_S"": 10431, ""p_value"": 1.0}",{}
NC_000962.3,BDQ-FRS-78.99999999999997-2024.01,1.1,GARC1,RUS,BDQ,Rv0678@142_ins_t,S,{},"{""solo_R"": 0, ""solo_S"": 1, ""background_R"": 323, ""background_S"": 10431, ""p_value"": 1.0}",{}
NC_000962.3,BDQ-FRS-78.99999999999997-2024.01,1.1,GARC1,RUS,BDQ,Rv0678@G24S,S,{},"{""solo_R"": 0, ""solo_S"": 1, ""background_R"": 323, ""background_S"": 10431, ""p_value"": 1.0}",{}
NC_000962.3,BDQ-FRS-78.99999999999997-2024.01,1.1,GARC1,RUS,BDQ,Rv0678@L125M,S,{},"{""solo_R"": 0, ""solo_S"": 1, ""background_R"": 323, ""background_S"": 10431, ""p_value"": 1.0}",{}
NC_000962.3,BDQ-FRS-78.99999999999997-2024.01,1.1,GARC1,RUS,BDQ,pepQ@A42G,S,{},"{""solo_R"": 0, ""solo_S"": 1, ""background_R"": 323, ""background_S"": 10431, ""p_value"": 1.0}",{}
NC_000962.3,BDQ-FRS-78.99999999999997-2024.01,1.1,GARC1,RUS,BDQ,Rv0678@I80M,S,{},"{""solo_R"": 0, ""solo_S"": 1, ""background_R"": 323, ""background_S"": 10431, ""p_value"": 1.0}",{}
NC_000962.3,BDQ-FRS-78.99999999999997-2024.01,1.1,GARC1,RUS,BDQ,mmpS5@a-14c,S,{},"{""solo_R"": 0, ""solo_S"": 1, ""background_R"": 323, ""background_S"": 10431, ""p_value"": 1.0}",{}
NC_000962.3,BDQ-FRS-78.99999999999997-2024.01,1.1,GARC1,RUS,BDQ,pepQ@A370V,S,{},"{""solo_R"": 0, ""solo_S"": 2, ""background_R"": 323, ""background_S"": 10431, ""p_value"": 1.0}",{}
NC_000962.3,BDQ-FRS-78.99999999999997-2024.01,1.1,GARC1,RUS,BDQ,pepQ@M180T,S,{},"{""solo_R"": 0, ""solo_S"": 1, ""background_R"": 323, ""background_S"": 10431, ""p_value"": 1.0}",{}
NC_000962.3,BDQ-FRS-78.99999999999997-2024.01,1.1,GARC1,RUS,BDQ,pepQ@P69L,S,{},"{""solo_R"": 0, ""solo_S"": 5, ""background_R"": 323, ""background_S"": 10431, ""p_value"": 1.0}",{}
NC_000962.3,BDQ-FRS-78.99999999999997-2024.01,1.1,GARC1,RUS,BDQ,pepQ@R170W,S,{},"{""solo_R"": 0, ""solo_S"": 2, ""background_R"": 323, ""background_S"": 10431, ""p_value"": 1.0}",{}
NC_000962.3,BDQ-FRS-78.99999999999997-2024.01,1.1,GARC1,RUS,BDQ,pepQ@A187E,S,{},"{""solo_R"": 0, ""solo_S"": 4, ""background_R"": 323, ""background_S"": 10431, ""p_value"": 1.0}",{}
NC_000962.3,BDQ-FRS-78.99999999999997-2024.01,1.1,GARC1,RUS,BDQ,mmpS5@V67G,S,{},"{""solo_R"": 0, ""solo_S"": 2, ""background_R"": 323, ""background_S"": 10431, ""p_value"": 1.0}",{}
NC_000962.3,BDQ-FRS-78.99999999999997-2024.01,1.1,GARC1,RUS,BDQ,pepQ@S99R,S,{},"{""solo_R"": 0, ""solo_S"": 2, ""background_R"": 323, ""background_S"": 10431, ""p_value"": 1.0}",{}
NC_000962.3,BDQ-FRS-78.99999999999997-2024.01,1.1,GARC1,RUS,BDQ,pepQ@I28R,S,{},"{""solo_R"": 0, ""solo_S"": 1, ""background_R"": 323, ""background_S"": 10431, ""p_value"": 1.0}",{}
NC_000962.3,BDQ-FRS-78.99999999999997-2024.01,1.1,GARC1,RUS,BDQ,pepQ@A124V,S,{},"{""solo_R"": 0, ""solo_S"": 3, ""background_R"": 323, ""background_S"": 10431, ""p_value"": 1.0}",{}
NC_000962.3,BDQ-FRS-78.99999999999997-2024.01,1.1,GARC1,RUS,BDQ,pepQ@E177D,S,{},"{""solo_R"": 0, ""solo_S"": 1, ""background_R"": 323, ""background_S"": 10431, ""p_value"": 1.0}",{}
NC_000962.3,BDQ-FRS-78.99999999999997-2024.01,1.1,GARC1,RUS,BDQ,mmpS5@T4I,S,{},"{""solo_R"": 0, ""solo_S"": 1, ""background_R"": 323, ""background_S"": 10431, ""p_value"": 1.0}",{}
NC_000962.3,BDQ-FRS-78.99999999999997-2024.01,1.1,GARC1,RUS,BDQ,mmpS5@-9_del_cg,S,{},"{""solo_R"": 0, ""solo_S"": 1, ""background_R"": 323, ""background_S"": 10431, ""p_value"": 1.0}",{}
NC_000962.3,BDQ-FRS-78.99999999999997-2024.01,1.1,GARC1,RUS,BDQ,Rv0678@R156Q,S,{},"{""solo_R"": 0, ""solo_S"": 1, ""background_R"": 323, ""background_S"": 10431, ""p_value"": 1.0}",{}
NC_000962.3,BDQ-FRS-78.99999999999997-2024.01,1.1,GARC1,RUS,BDQ,pepQ@A242T,S,{},"{""solo_R"": 0, ""solo_S"": 3, ""background_R"": 323, ""background_S"": 10431, ""p_value"": 1.0}",{}
NC_000962.3,BDQ-FRS-78.99999999999997-2024.01,1.1,GARC1,RUS,BDQ,Rv0678@S158R,S,{},"{""solo_R"": 0, ""solo_S"": 1, ""background_R"": 323, ""background_S"": 10431, ""p_value"": 1.0}",{}
NC_000962.3,BDQ-FRS-78.99999999999997-2024.01,1.1,GARC1,RUS,BDQ,Rv0678@Q22R,S,{},"{""solo_R"": 0, ""solo_S"": 1, ""background_R"": 323, ""background_S"": 10431, ""p_value"": 1.0}",{}
NC_000962.3,BDQ-FRS-78.99999999999997-2024.01,1.1,GARC1,RUS,BDQ,Rv0678@G103S,S,{},"{""solo_R"": 0, ""solo_S"": 2, ""background_R"": 323, ""background_S"": 10431, ""p_value"": 1.0}",{}
NC_000962.3,BDQ-FRS-78.99999999999997-2024.01,1.1,GARC1,RUS,BDQ,Rv0678@t-20c,S,{},"{""solo_R"": 0, ""solo_S"": 1, ""background_R"": 323, ""background_S"": 10431, ""p_value"": 1.0}",{}
NC_000962.3,BDQ-FRS-78.99999999999997-2024.01,1.1,GARC1,RUS,BDQ,Rv0678@M23V,S,{},"{""solo_R"": 0, ""solo_S"": 2, ""background_R"": 323, ""background_S"": 10431, ""p_value"": 1.0}",{}
NC_000962.3,BDQ-FRS-78.99999999999997-2024.01,1.1,GARC1,RUS,BDQ,atpE@G12S,S,{},"{""solo_R"": 0, ""solo_S"": 1, ""background_R"": 323, ""background_S"": 10431, ""p_value"": 1.0}",{}
NC_000962.3,BDQ-FRS-78.99999999999997-2024.01,1.1,GARC1,RUS,BDQ,pepQ@R7Q,S,{},"{""solo_R"": 0, ""solo_S"": 5, ""background_R"": 323, ""background_S"": 10431, ""p_value"": 1.0}",{}
NC_000962.3,BDQ-FRS-78.99999999999997-2024.01,1.1,GARC1,RUS,BDQ,Rv0678@I108T,S,{},"{""solo_R"": 0, ""solo_S"": 2, ""background_R"": 323, ""background_S"": 10431, ""p_value"": 1.0}",{}
NC_000962.3,BDQ-FRS-78.99999999999997-2024.01,1.1,GARC1,RUS,BDQ,Rv0678@Q76E,S,{},"{""solo_R"": 0, ""solo_S"": 2, ""background_R"": 323, ""background_S"": 10431, ""p_value"": 1.0}",{}
NC_000962.3,BDQ-FRS-78.99999999999997-2024.01,1.1,GARC1,RUS,BDQ,Rv0678@I80S,S,{},"{""solo_R"": 0, ""solo_S"": 1, ""background_R"": 323, ""background_S"": 10431, ""p_value"": 1.0}",{}
NC_000962.3,BDQ-FRS-78.99999999999997-2024.01,1.1,GARC1,RUS,BDQ,Rv0678@Q51K,S,{},"{""solo_R"": 0, ""solo_S"": 1, ""background_R"": 323, ""background_S"": 10431, ""p_value"": 1.0}",{}
NC_000962.3,BDQ-FRS-78.99999999999997-2024.01,1.1,GARC1,RUS,BDQ,mmpS5@a-36g,S,{},"{""solo_R"": 0, ""solo_S"": 2, ""background_R"": 323, ""background_S"": 10431, ""p_value"": 1.0}",{}
NC_000962.3,BDQ-FRS-78.99999999999997-2024.01,1.1,GARC1,RUS,BDQ,Rv0678@G162E,S,{},"{""solo_R"": 0, ""solo_S"": 2, ""background_R"": 323, ""background_S"": 10431, ""p_value"": 1.0}",{}
NC_000962.3,BDQ-FRS-78.99999999999997-2024.01,1.1,GARC1,RUS,BDQ,Rv0678@c-34t,S,{},"{""solo_R"": 0, ""solo_S"": 1, ""background_R"": 323, ""background_S"": 10431, ""p_value"": 1.0}",{}
NC_000962.3,BDQ-FRS-78.99999999999997-2024.01,1.1,GARC1,RUS,BDQ,mmpS5@c-22t,S,{},"{""solo_R"": 0, ""solo_S"": 1, ""background_R"": 323, ""background_S"": 10431, ""p_value"": 1.0}",{}
NC_000962.3,BDQ-FRS-78.99999999999997-2024.01,1.1,GARC1,RUS,BDQ,pepQ@F46L,S,{},"{""solo_R"": 0, ""solo_S"": 17, ""background_R"": 323, ""background_S"": 10431, ""p_value"": 1.0}",{}
NC_000962.3,BDQ-FRS-78.99999999999997-2024.01,1.1,GARC1,RUS,BDQ,mmpS5@V56M,S,{},"{""solo_R"": 0, ""solo_S"": 1, ""background_R"": 323, ""background_S"": 10431, ""p_value"": 1.0}",{}
NC_000962.3,BDQ-FRS-78.99999999999997-2024.01,1.1,GARC1,RUS,BDQ,mmpS5@G109S,S,{},"{""solo_R"": 0, ""solo_S"": 2, ""background_R"": 323, ""background_S"": 10431, ""p_value"": 1.0}",{}
NC_000962.3,BDQ-FRS-78.99999999999997-2024.01,1.1,GARC1,RUS,BDQ,Rv0678@R96G,S,{},"{""solo_R"": 0, ""solo_S"": 1, ""background_R"": 323, ""background_S"": 10431, ""p_value"": 1.0}",{}
NC_000962.3,BDQ-FRS-78.99999999999997-2024.01,1.1,GARC1,RUS,BDQ,atpE@T51I,S,{},"{""solo_R"": 0, ""solo_S"": 1, ""background_R"": 323, ""background_S"": 10431, ""p_value"": 1.0}",{}
NC_000962.3,BDQ-FRS-78.99999999999997-2024.01,1.1,GARC1,RUS,BDQ,atpE@S37A,S,{},"{""solo_R"": 0, ""solo_S"": 1, ""background_R"": 323, ""background_S"": 10431, ""p_value"": 1.0}",{}
NC_000962.3,BDQ-FRS-78.99999999999997-2024.01,1.1,GARC1,RUS,BDQ,mmpS5@T4P,S,{},"{""solo_R"": 0, ""solo_S"": 2, ""background_R"": 323, ""background_S"": 10431, ""p_value"": 1.0}",{}
NC_000962.3,BDQ-FRS-78.99999999999997-2024.01,1.1,GARC1,RUS,BDQ,mmpS5@133_del_gc,S,{},"{""solo_R"": 0, ""solo_S"": 1, ""background_R"": 323, ""background_S"": 10431, ""p_value"": 1.0}",{}
NC_000962.3,BDQ-FRS-78.99999999999997-2024.01,1.1,GARC1,RUS,BDQ,mmpS5@T24A,S,{},"{""solo_R"": 0, ""solo_S"": 1, ""background_R"": 323, ""background_S"": 10431, ""p_value"": 1.0}",{}
NC_000962.3,BDQ-FRS-78.99999999999997-2024.01,1.1,GARC1,RUS,BDQ,Rv0678@G78W,S,{},"{""solo_R"": 0, ""solo_S"": 1, ""background_R"": 323, ""background_S"": 10431, ""p_value"": 1.0}",{}
NC_000962.3,BDQ-FRS-78.99999999999997-2024.01,1.1,GARC1,RUS,BDQ,mmpS5@S98P,S,{},"{""solo_R"": 0, ""solo_S"": 2, ""background_R"": 323, ""background_S"": 10431, ""p_value"": 1.0}",{}
NC_000962.3,BDQ-FRS-78.99999999999997-2024.01,1.1,GARC1,RUS,BDQ,mmpS5@A8V,S,{},"{""solo_R"": 0, ""solo_S"": 1, ""background_R"": 323, ""background_S"": 10431, ""p_value"": 1.0}",{}
NC_000962.3,BDQ-FRS-78.99999999999997-2024.01,1.1,GARC1,RUS,BDQ,pepQ@P165Q,S,{},"{""solo_R"": 0, ""solo_S"": 1, ""background_R"": 323, ""background_S"": 10431, ""p_value"": 1.0}",{}
NC_000962.3,BDQ-FRS-78.99999999999997-2024.01,1.1,GARC1,RUS,BDQ,Rv0678@N4T,S,{},"{""solo_R"": 0, ""solo_S"": 2, ""background_R"": 323, ""background_S"": 10431, ""p_value"": 1.0}",{}
NC_000962.3,BDQ-FRS-78.99999999999997-2024.01,1.1,GARC1,RUS,BDQ,mmpS5@V55M,S,{},"{""solo_R"": 0, ""solo_S"": 1, ""background_R"": 323, ""background_S"": 10431, ""p_value"": 1.0}",{}
NC_000962.3,BDQ-FRS-78.99999999999997-2024.01,1.1,GARC1,RUS,BDQ,Rv0678@E21K,S,{},"{""solo_R"": 0, ""solo_S"": 1, ""background_R"": 323, ""background_S"": 10431, ""p_value"": 1.0}",{}
NC_000962.3,BDQ-FRS-78.99999999999997-2024.01,1.1,GARC1,RUS,BDQ,Rv0678@234_ins_t,S,{},"{""solo_R"": 0, ""solo_S"": 2, ""background_R"": 323, ""background_S"": 10431, ""p_value"": 1.0}",{}
NC_000962.3,BDQ-FRS-78.99999999999997-2024.01,1.1,GARC1,RUS,BDQ,mmpS5@C114S,S,{},"{""solo_R"": 0, ""solo_S"": 1, ""background_R"": 323, ""background_S"": 10431, ""p_value"": 1.0}",{}
NC_000962.3,BDQ-FRS-78.99999999999997-2024.01,1.1,GARC1,RUS,BDQ,mmpS5@A19V,S,{},"{""solo_R"": 0, ""solo_S"": 1, ""background_R"": 323, ""background_S"": 10431, ""p_value"": 1.0}",{}
NC_000962.3,BDQ-FRS-78.99999999999997-2024.01,1.1,GARC1,RUS,BDQ,pepQ@A263V,S,{},"{""solo_R"": 0, ""solo_S"": 1, ""background_R"": 323, ""background_S"": 10431, ""p_value"": 1.0}",{}
NC_000962.3,BDQ-FRS-78.99999999999997-2024.01,1.1,GARC1,RUS,BDQ,mmpS5@G130D,S,{},"{""solo_R"": 0, ""solo_S"": 1, ""background_R"": 323, ""background_S"": 10431, ""p_value"": 1.0}",{}
NC_000962.3,BDQ-FRS-78.99999999999997-2024.01,1.1,GARC1,RUS,BDQ,pepQ@D20G,S,{},"{""solo_R"": 0, ""solo_S"": 2, ""background_R"": 323, ""background_S"": 10431, ""p_value"": 1.0}",{}
NC_000962.3,BDQ-FRS-78.99999999999997-2024.01,1.1,GARC1,RUS,BDQ,pepQ@A153G,S,{},"{""solo_R"": 0, ""solo_S"": 2, ""background_R"": 323, ""background_S"": 10431, ""p_value"": 1.0}",{}
NC_000962.3,BDQ-FRS-78.99999999999997-2024.01,1.1,GARC1,RUS,BDQ,mmpS5@R29L,S,{},"{""solo_R"": 0, ""solo_S"": 2, ""background_R"": 323, ""background_S"": 10431, ""p_value"": 1.0}",{}
NC_000962.3,BDQ-FRS-78.99999999999997-2024.01,1.1,GARC1,RUS,BDQ,Rv0678@I108V,S,{},"{""solo_R"": 0, ""solo_S"": 2, ""background_R"": 323, ""background_S"": 10431, ""p_value"": 1.0}",{}
NC_000962.3,BDQ-FRS-78.99999999999997-2024.01,1.1,GARC1,RUS,BDQ,pepQ@T354A,S,{},"{""solo_R"": 0, ""solo_S"": 1, ""background_R"": 323, ""background_S"": 10431, ""p_value"": 1.0}",{}
NC_000962.3,BDQ-FRS-78.99999999999997-2024.01,1.1,GARC1,RUS,BDQ,mmpS5@366_ins_t,S,{},"{""solo_R"": 0, ""solo_S"": 1, ""background_R"": 323, ""background_S"": 10431, ""p_value"": 1.0}",{}
NC_000962.3,BDQ-FRS-78.99999999999997-2024.01,1.1,GARC1,RUS,BDQ,pepQ@D108N,S,{},"{""solo_R"": 0, ""solo_S"": 1, ""background_R"": 323, ""background_S"": 10431, ""p_value"": 1.0}",{}
NC_000962.3,BDQ-FRS-78.99999999999997-2024.01,1.1,GARC1,RUS,BDQ,mmpS5@G22S,S,{},"{""solo_R"": 0, ""solo_S"": 1, ""background_R"": 323, ""background_S"": 10431, ""p_value"": 1.0}",{}
NC_000962.3,BDQ-FRS-78.99999999999997-2024.01,1.1,GARC1,RUS,BDQ,mmpS5@354_del_c,S,{},"{""solo_R"": 0, ""solo_S"": 1, ""background_R"": 323, ""background_S"": 10431, ""p_value"": 1.0}",{}
NC_000962.3,BDQ-FRS-78.99999999999997-2024.01,1.1,GARC1,RUS,BDQ,Rv0678@G66R,S,{},"{""solo_R"": 0, ""solo_S"": 2, ""background_R"": 323, ""background_S"": 10431, ""p_value"": 1.0}",{}
NC_000962.3,BDQ-FRS-78.99999999999997-2024.01,1.1,GARC1,RUS,BDQ,Rv0678@E104G,S,{},"{""solo_R"": 0, ""solo_S"": 1, ""background_R"": 323, ""background_S"": 10431, ""p_value"": 1.0}",{}
NC_000962.3,BDQ-FRS-78.99999999999997-2024.01,1.1,GARC1,RUS,BDQ,Rv0678@-21_ins_ttc,S,{},"{""solo_R"": 0, ""solo_S"": 1, ""background_R"": 323, ""background_S"": 10431, ""p_value"": 1.0}",{}
NC_000962.3,BDQ-FRS-78.99999999999997-2024.01,1.1,GARC1,RUS,BDQ,Rv0678@D5G,S,{},"{""solo_R"": 0, ""solo_S"": 1, ""background_R"": 323, ""background_S"": 10431, ""p_value"": 1.0}",{}
NC_000962.3,BDQ-FRS-78.99999999999997-2024.01,1.1,GARC1,RUS,BDQ,Rv0678@N70K,S,{},"{""solo_R"": 0, ""solo_S"": 1, ""background_R"": 323, ""background_S"": 10431, ""p_value"": 1.0}",{}
NC_000962.3,BDQ-FRS-78.99999999999997-2024.01,1.1,GARC1,RUS,BDQ,mmpS5@g-19a,S,{},"{""solo_R"": 0, ""solo_S"": 1, ""background_R"": 323, ""background_S"": 10431, ""p_value"": 1.0}",{}
NC_000962.3,BDQ-FRS-78.99999999999997-2024.01,1.1,GARC1,RUS,BDQ,Rv0678@L74M,S,{},"{""solo_R"": 0, ""solo_S"": 1, ""background_R"": 323, ""background_S"": 10431, ""p_value"": 1.0}",{}
NC_000962.3,BDQ-FRS-78.99999999999997-2024.01,1.1,GARC1,RUS,BDQ,atpE@-44_ins_c,S,{},"{""solo_R"": 0, ""solo_S"": 1, ""background_R"": 323, ""background_S"": 10431, ""p_value"": 1.0}",{}
NC_000962.3,BDQ-FRS-78.99999999999997-2024.01,1.1,GARC1,RUS,BDQ,Rv0678@492_ins_g,S,{},"{""solo_R"": 0, ""solo_S"": 1, ""background_R"": 323, ""background_S"": 10431, ""p_value"": 1.0}",{}
NC_000962.3,BDQ-FRS-78.99999999999997-2024.01,1.1,GARC1,RUS,BDQ,pepQ@D26A,S,{},"{""solo_R"": 0, ""solo_S"": 3, ""background_R"": 323, ""background_S"": 10431, ""p_value"": 1.0}",{}
NC_000962.3,BDQ-FRS-78.99999999999997-2024.01,1.1,GARC1,RUS,BDQ,Rv0678@T58P,S,{},"{""solo_R"": 0, ""solo_S"": 1, ""background_R"": 323, ""background_S"": 10431, ""p_value"": 1.0}",{}
NC_000962.3,BDQ-FRS-78.99999999999997-2024.01,1.1,GARC1,RUS,BDQ,pepQ@I24T,S,{},"{""solo_R"": 0, ""solo_S"": 1, ""background_R"": 323, ""background_S"": 10431, ""p_value"": 1.0}",{}
NC_000962.3,BDQ-FRS-78.99999999999997-2024.01,1.1,GARC1,RUS,BDQ,Rv0678@402_del_acggctgcggga,S,{},"{""solo_R"": 0, ""solo_S"": 1, ""background_R"": 323, ""background_S"": 10431, ""p_value"": 1.0}",{}
NC_000962.3,BDQ-FRS-78.99999999999997-2024.01,1.1,GARC1,RUS,BDQ,mmpS5@D82E,S,{},"{""solo_R"": 0, ""solo_S"": 2, ""background_R"": 323, ""background_S"": 10431, ""p_value"": 1.0}",{}
NC_000962.3,BDQ-FRS-78.99999999999997-2024.01,1.1,GARC1,RUS,BDQ,Rv0678@V85A,S,{},"{""solo_R"": 0, ""solo_S"": 1, ""background_R"": 323, ""background_S"": 10431, ""p_value"": 1.0}",{}
NC_000962.3,BDQ-FRS-78.99999999999997-2024.01,1.1,GARC1,RUS,BDQ,pepQ@K94N,S,{},"{""solo_R"": 0, ""solo_S"": 1, ""background_R"": 323, ""background_S"": 10431, ""p_value"": 1.0}",{}
NC_000962.3,BDQ-FRS-78.99999999999997-2024.01,1.1,GARC1,RUS,BDQ,atpE@A45V,S,{},"{""solo_R"": 0, ""solo_S"": 1, ""background_R"": 323, ""background_S"": 10431, ""p_value"": 1.0}",{}
NC_000962.3,BDQ-FRS-78.99999999999997-2024.01,1.1,GARC1,RUS,BDQ,Rv0678@T69P,S,{},"{""solo_R"": 0, ""solo_S"": 1, ""background_R"": 323, ""background_S"": 10431, ""p_value"": 1.0}",{}
NC_000962.3,BDQ-FRS-78.99999999999997-2024.01,1.1,GARC1,RUS,BDQ,pepQ@S66P,S,{},"{""solo_R"": 0, ""solo_S"": 1, ""background_R"": 323, ""background_S"": 10431, ""p_value"": 1.0}",{}
NC_000962.3,BDQ-FRS-78.99999999999997-2024.01,1.1,GARC1,RUS,BDQ,Rv0678@212_del_c,S,{},"{""solo_R"": 0, ""solo_S"": 2, ""background_R"": 323, ""background_S"": 10431, ""p_value"": 1.0}",{}
NC_000962.3,BDQ-FRS-78.99999999999997-2024.01,1.1,GARC1,RUS,BDQ,mmpS5@P101A,S,{},"{""solo_R"": 0, ""solo_S"": 1, ""background_R"": 323, ""background_S"": 10431, ""p_value"": 1.0}",{}
NC_000962.3,BDQ-FRS-78.99999999999997-2024.01,1.1,GARC1,RUS,BDQ,mmpS5@392_ins_aaccggcgt,S,{},"{""solo_R"": 0, ""solo_S"": 1, ""background_R"": 323, ""background_S"": 10431, ""p_value"": 1.0}",{}
NC_000962.3,BDQ-FRS-78.99999999999997-2024.01,1.1,GARC1,RUS,BDQ,pepQ@S66L,S,{},"{""solo_R"": 0, ""solo_S"": 1, ""background_R"": 323, ""background_S"": 10431, ""p_value"": 1.0}",{}
NC_000962.3,BDQ-FRS-78.99999999999997-2024.01,1.1,GARC1,RUS,BDQ,Rv0678@L40S,S,{},"{""solo_R"": 0, ""solo_S"": 1, ""background_R"": 323, ""background_S"": 10431, ""p_value"": 1.0}",{}
NC_000962.3,BDQ-FRS-78.99999999999997-2024.01,1.1,GARC1,RUS,BDQ,Rv0678@372_del_g,S,{},"{""solo_R"": 0, ""solo_S"": 1, ""background_R"": 323, ""background_S"": 10431, ""p_value"": 1.0}",{}
NC_000962.3,BDQ-FRS-78.99999999999997-2024.01,1.1,GARC1,RUS,BDQ,pepQ@V298I,S,{},"{""solo_R"": 0, ""solo_S"": 1, ""background_R"": 323, ""background_S"": 10431, ""p_value"": 1.0}",{}
NC_000962.3,BDQ-FRS-78.99999999999997-2024.01,1.1,GARC1,RUS,BDQ,pepQ@G85C,S,{},"{""solo_R"": 0, ""solo_S"": 1, ""background_R"": 323, ""background_S"": 10431, ""p_value"": 1.0}",{}
NC_000962.3,BDQ-FRS-78.99999999999997-2024.01,1.1,GARC1,RUS,BDQ,pepQ@N118D,S,{},"{""solo_R"": 0, ""solo_S"": 1, ""background_R"": 323, ""background_S"": 10431, ""p_value"": 1.0}",{}
NC_000962.3,BDQ-FRS-78.99999999999997-2024.01,1.1,GARC1,RUS,BDQ,pepQ@928_ins_g,S,{},"{""solo_R"": 0, ""solo_S"": 1, ""background_R"": 323, ""background_S"": 10431, ""p_value"": 1.0}",{}
NC_000962.3,BDQ-FRS-78.99999999999997-2024.01,1.1,GARC1,RUS,BDQ,pepQ@V102I,S,{},"{""solo_R"": 0, ""solo_S"": 1, ""background_R"": 323, ""background_S"": 10431, ""p_value"": 1.0}",{}
NC_000962.3,BDQ-FRS-78.99999999999997-2024.01,1.1,GARC1,RUS,BDQ,Rv0678@345_del_g,S,{},"{""solo_R"": 0, ""solo_S"": 1, ""background_R"": 323, ""background_S"": 10431, ""p_value"": 1.0}",{}
NC_000962.3,BDQ-FRS-78.99999999999997-2024.01,1.1,GARC1,RUS,BDQ,mmpS5@K42R,S,{},"{""solo_R"": 0, ""solo_S"": 1, ""background_R"": 323, ""background_S"": 10431, ""p_value"": 1.0}",{}
NC_000962.3,BDQ-FRS-78.99999999999997-2024.01,1.1,GARC1,RUS,BDQ,atpE@A62T,S,{},"{""solo_R"": 0, ""solo_S"": 1, ""background_R"": 323, ""background_S"": 10431, ""p_value"": 1.0}",{}
NC_000962.3,BDQ-FRS-78.99999999999997-2024.01,1.1,GARC1,RUS,BDQ,mmpS5@P53L,S,{},"{""solo_R"": 0, ""solo_S"": 1, ""background_R"": 323, ""background_S"": 10431, ""p_value"": 1.0}",{}
NC_000962.3,BDQ-FRS-78.99999999999997-2024.01,1.1,GARC1,RUS,BDQ,pepQ@E360D,S,{},"{""solo_R"": 0, ""solo_S"": 1, ""background_R"": 323, ""background_S"": 10431, ""p_value"": 1.0}",{}
NC_000962.3,BDQ-FRS-78.99999999999997-2024.01,1.1,GARC1,RUS,BDQ,Rv0678@S68G,S,{},"{""solo_R"": 0, ""solo_S"": 1, ""background_R"": 323, ""background_S"": 10431, ""p_value"": 1.0}",{}
NC_000962.3,BDQ-FRS-78.99999999999997-2024.01,1.1,GARC1,RUS,BDQ,Rv0678@R72W,S,{},"{""solo_R"": 0, ""solo_S"": 2, ""background_R"": 323, ""background_S"": 10431, ""p_value"": 1.0}",{}
NC_000962.3,BDQ-FRS-78.99999999999997-2024.01,1.1,GARC1,RUS,BDQ,Rv0678@492_ins_ga,S,{},"{""solo_R"": 0, ""solo_S"": 1, ""background_R"": 323, ""background_S"": 10431, ""p_value"": 1.0}",{}
NC_000962.3,BDQ-FRS-78.99999999999997-2024.01,1.1,GARC1,RUS,BDQ,pepQ@D209E,S,{},"{""solo_R"": 0, ""solo_S"": 1, ""background_R"": 323, ""background_S"": 10431, ""p_value"": 1.0}",{}
NC_000962.3,BDQ-FRS-78.99999999999997-2024.01,1.1,GARC1,RUS,BDQ,Rv0678@S52P,S,{},"{""solo_R"": 0, ""solo_S"": 1, ""background_R"": 323, ""background_S"": 10431, ""p_value"": 1.0}",{}
NC_000962.3,BDQ-FRS-78.99999999999997-2024.01,1.1,GARC1,RUS,BDQ,Rv0678@E113K,S,{},"{""solo_R"": 0, ""solo_S"": 1, ""background_R"": 323, ""background_S"": 10431, ""p_value"": 1.0}",{}
NC_000962.3,BDQ-FRS-78.99999999999997-2024.01,1.1,GARC1,RUS,BDQ,mmpS5@T113N,S,{},"{""solo_R"": 0, ""solo_S"": 1, ""background_R"": 323, ""background_S"": 10431, ""p_value"": 1.0}",{}
NC_000962.3,BDQ-FRS-78.99999999999997-2024.01,1.1,GARC1,RUS,BDQ,pepQ@V343A,S,{},"{""solo_R"": 0, ""solo_S"": 1, ""background_R"": 323, ""background_S"": 10431, ""p_value"": 1.0}",{}
NC_000962.3,BDQ-FRS-78.99999999999997-2024.01,1.1,GARC1,RUS,BDQ,Rv0678@A62T,S,{},"{""solo_R"": 0, ""solo_S"": 1, ""background_R"": 323, ""background_S"": 10431, ""p_value"": 1.0}",{}
NC_000962.3,BDQ-FRS-78.99999999999997-2024.01,1.1,GARC1,RUS,BDQ,Rv0678@A101E,S,{},"{""solo_R"": 0, ""solo_S"": 1, ""background_R"": 323, ""background_S"": 10431, ""p_value"": 1.0}",{}
NC_000962.3,BDQ-FRS-78.99999999999997-2024.01,1.1,GARC1,RUS,BDQ,pepQ@A305V,S,{},"{""solo_R"": 0, ""solo_S"": 2, ""background_R"": 323, ""background_S"": 10431, ""p_value"": 1.0}",{}
NC_000962.3,BDQ-FRS-78.99999999999997-2024.01,1.1,GARC1,RUS,BDQ,Rv0678@M17V,S,{},"{""solo_R"": 0, ""solo_S"": 1, ""background_R"": 323, ""background_S"": 10431, ""p_value"": 1.0}",{}
NC_000962.3,BDQ-FRS-78.99999999999997-2024.01,1.1,GARC1,RUS,BDQ,pepQ@V101L,S,{},"{""solo_R"": 0, ""solo_S"": 1, ""background_R"": 323, ""background_S"": 10431, ""p_value"": 1.0}",{}
NC_000962.3,BDQ-FRS-78.99999999999997-2024.01,1.1,GARC1,RUS,BDQ,Rv0678@c-25t,S,{},"{""solo_R"": 0, ""solo_S"": 1, ""background_R"": 323, ""background_S"": 10431, ""p_value"": 1.0}",{}
NC_000962.3,BDQ-FRS-78.99999999999997-2024.01,1.1,GARC1,RUS,BDQ,Rv0678@19_del_gtc,S,{},"{""solo_R"": 0, ""solo_S"": 1, ""background_R"": 323, ""background_S"": 10431, ""p_value"": 1.0}",{}
NC_000962.3,BDQ-FRS-78.99999999999997-2024.01,1.1,GARC1,RUS,BDQ,pepQ@G197R,S,{},"{""solo_R"": 0, ""solo_S"": 32, ""background_R"": 323, ""background_S"": 10431, ""p_value"": 1.0}",{}
NC_000962.3,BDQ-FRS-78.99999999999997-2024.01,1.1,GARC1,RUS,BDQ,pepQ@V45L,S,{},"{""solo_R"": 0, ""solo_S"": 16, ""background_R"": 323, ""background_S"": 10431, ""p_value"": 1.0}",{}
NC_000962.3,BDQ-FRS-78.99999999999997-2024.01,1.1,GARC1,RUS,BDQ,pepQ@S130L,S,{},"{""solo_R"": 0, ""solo_S"": 1, ""background_R"": 323, ""background_S"": 10431, ""p_value"": 1.0}",{}
NC_000962.3,BDQ-FRS-78.99999999999997-2024.01,1.1,GARC1,RUS,BDQ,pepQ@V328F,S,{},"{""solo_R"": 0, ""solo_S"": 3, ""background_R"": 323, ""background_S"": 10431, ""p_value"": 1.0}",{}
NC_000962.3,BDQ-FRS-78.99999999999997-2024.01,1.1,GARC1,RUS,BDQ,Rv0678@F27S,S,{},"{""solo_R"": 0, ""solo_S"": 2, ""background_R"": 323, ""background_S"": 10431, ""p_value"": 1.0}",{}
NC_000962.3,BDQ-FRS-78.99999999999997-2024.01,1.1,GARC1,RUS,BDQ,Rv0678@L40V,S,{},"{""solo_R"": 0, ""solo_S"": 11, ""background_R"": 323, ""background_S"": 10431, ""p_value"": 1.0}",{}
NC_000962.3,BDQ-FRS-78.99999999999997-2024.01,1.1,GARC1,RUS,BDQ,pepQ@G228E,S,{},"{""solo_R"": 0, ""solo_S"": 1, ""background_R"": 323, ""background_S"": 10431, ""p_value"": 1.0}",{}
NC_000962.3,BDQ-FRS-78.99999999999997-2024.01,1.1,GARC1,RUS,BDQ,Rv0678@L74V,S,{},"{""solo_R"": 0, ""solo_S"": 1, ""background_R"": 323, ""background_S"": 10431, ""p_value"": 1.0}",{}
NC_000962.3,BDQ-FRS-78.99999999999997-2024.01,1.1,GARC1,RUS,BDQ,mmpS5@P101R,S,{},"{""solo_R"": 0, ""solo_S"": 1, ""background_R"": 323, ""background_S"": 10431, ""p_value"": 1.0}",{}
NC_000962.3,BDQ-FRS-78.99999999999997-2024.01,1.1,GARC1,RUS,BDQ,mmpS5@c-9t,S,{},"{""solo_R"": 0, ""solo_S"": 1, ""background_R"": 323, ""background_S"": 10431, ""p_value"": 1.0}",{}
NC_000962.3,BDQ-FRS-78.99999999999997-2024.01,1.1,GARC1,RUS,BDQ,pepQ@T234S,S,{},"{""solo_R"": 0, ""solo_S"": 1, ""background_R"": 323, ""background_S"": 10431, ""p_value"": 1.0}",{}
NC_000962.3,BDQ-FRS-78.99999999999997-2024.01,1.1,GARC1,RUS,BDQ,mmpS5@G130R,S,{},"{""solo_R"": 0, ""solo_S"": 2, ""background_R"": 323, ""background_S"": 10431, ""p_value"": 1.0}",{}
NC_000962.3,BDQ-FRS-78.99999999999997-2024.01,1.1,GARC1,RUS,BDQ,pepQ@A137S,S,{},"{""solo_R"": 0, ""solo_S"": 1, ""background_R"": 323, ""background_S"": 10431, ""p_value"": 1.0}",{}
NC_000962.3,BDQ-FRS-78.99999999999997-2024.01,1.1,GARC1,RUS,BDQ,Rv0678@g-29a,S,{},"{""solo_R"": 0, ""solo_S"": 1, ""background_R"": 323, ""background_S"": 10431, ""p_value"": 1.0}",{}
NC_000962.3,BDQ-FRS-78.99999999999997-2024.01,1.1,GARC1,RUS,BDQ,pepQ@L107R,S,{},"{""solo_R"": 0, ""solo_S"": 1, ""background_R"": 323, ""background_S"": 10431, ""p_value"": 1.0}",{}
NC_000962.3,BDQ-FRS-78.99999999999997-2024.01,1.1,GARC1,RUS,BDQ,mmpS5@I116L,S,{},"{""solo_R"": 0, ""solo_S"": 2, ""background_R"": 323, ""background_S"": 10431, ""p_value"": 1.0}",{}
NC_000962.3,BDQ-FRS-78.99999999999997-2024.01,1.1,GARC1,RUS,BDQ,atpE@F74L,S,{},"{""solo_R"": 0, ""solo_S"": 1, ""background_R"": 323, ""background_S"": 10431, ""p_value"": 1.0}",{}
NC_000962.3,BDQ-FRS-78.99999999999997-2024.01,1.1,GARC1,RUS,BDQ,mmpS5@A133T,S,{},"{""solo_R"": 0, ""solo_S"": 2, ""background_R"": 323, ""background_S"": 10431, ""p_value"": 1.0}",{}
NC_000962.3,BDQ-FRS-78.99999999999997-2024.01,1.1,GARC1,RUS,BDQ,pepQ@G91D,S,{},"{""solo_R"": 0, ""solo_S"": 1, ""background_R"": 323, ""background_S"": 10431, ""p_value"": 1.0}",{}
NC_000962.3,BDQ-FRS-78.99999999999997-2024.01,1.1,GARC1,RUS,BDQ,Rv0678@30_del_g,S,{},"{""solo_R"": 0, ""solo_S"": 3, ""background_R"": 323, ""background_S"": 10431, ""p_value"": 1.0}",{}
NC_000962.3,BDQ-FRS-78.99999999999997-2024.01,1.1,GARC1,RUS,BDQ,pepQ@V324M,S,{},"{""solo_R"": 0, ""solo_S"": 1, ""background_R"": 323, ""background_S"": 10431, ""p_value"": 1.0}",{}
NC_000962.3,BDQ-FRS-78.99999999999997-2024.01,1.1,GARC1,RUS,BDQ,mmpS5@F51S,S,{},"{""solo_R"": 0, ""solo_S"": 1, ""background_R"": 323, ""background_S"": 10431, ""p_value"": 1.0}",{}
NC_000962.3,BDQ-FRS-78.99999999999997-2024.01,1.1,GARC1,RUS,BDQ,pepQ@A313S,S,{},"{""solo_R"": 0, ""solo_S"": 1, ""background_R"": 323, ""background_S"": 10431, ""p_value"": 1.0}",{}
NC_000962.3,BDQ-FRS-78.99999999999997-2024.01,1.1,GARC1,RUS,BDQ,Rv0678@c-3a,S,{},"{""solo_R"": 0, ""solo_S"": 1, ""background_R"": 323, ""background_S"": 10431, ""p_value"": 1.0}",{}
NC_000962.3,BDQ-FRS-78.99999999999997-2024.01,1.1,GARC1,RUS,BDQ,atpE@V39I,S,{},"{""solo_R"": 0, ""solo_S"": 1, ""background_R"": 323, ""background_S"": 10431, ""p_value"": 1.0}",{}
NC_000962.3,BDQ-FRS-78.99999999999997-2024.01,1.1,GARC1,RUS,BDQ,pepQ@L71V,S,{},"{""solo_R"": 0, ""solo_S"": 1, ""background_R"": 323, ""background_S"": 10431, ""p_value"": 1.0}",{}
NC_000962.3,BDQ-FRS-78.99999999999997-2024.01,1.1,GARC1,RUS,BDQ,pepQ@I193T,S,{},"{""solo_R"": 0, ""solo_S"": 3, ""background_R"": 323, ""background_S"": 10431, ""p_value"": 1.0}",{}
NC_000962.3,BDQ-FRS-78.99999999999997-2024.01,1.1,GARC1,RUS,BDQ,pepQ@D26G,S,{},"{""solo_R"": 0, ""solo_S"": 1, ""background_R"": 323, ""background_S"": 10431, ""p_value"": 1.0}",{}
NC_000962.3,BDQ-FRS-78.99999999999997-2024.01,1.1,GARC1,RUS,BDQ,pepQ@V104L,S,{},"{""solo_R"": 0, ""solo_S"": 2, ""background_R"": 323, ""background_S"": 10431, ""p_value"": 1.0}",{}
NC_000962.3,BDQ-FRS-78.99999999999997-2024.01,1.1,GARC1,RUS,BDQ,atpE@t-41c,S,{},"{""solo_R"": 0, ""solo_S"": 1, ""background_R"": 323, ""background_S"": 10431, ""p_value"": 1.0}",{}
NC_000962.3,BDQ-FRS-78.99999999999997-2024.01,1.1,GARC1,RUS,BDQ,pepQ@M180V,S,{},"{""solo_R"": 0, ""solo_S"": 1, ""background_R"": 323, ""background_S"": 10431, ""p_value"": 1.0}",{}
NC_000962.3,BDQ-FRS-78.99999999999997-2024.01,1.1,GARC1,RUS,BDQ,Rv0678@S2R,S,{},"{""solo_R"": 0, ""solo_S"": 3, ""background_R"": 323, ""background_S"": 10431, ""p_value"": 1.0}",{}
NC_000962.3,BDQ-FRS-78.99999999999997-2024.01,1.1,GARC1,RUS,BDQ,Rv0678@V20A,S,{},"{""solo_R"": 0, ""solo_S"": 1, ""background_R"": 323, ""background_S"": 10431, ""p_value"": 1.0}",{}
NC_000962.3,BDQ-FRS-78.99999999999997-2024.01,1.1,GARC1,RUS,BDQ,mmpS5@c-31g,S,{},"{""solo_R"": 0, ""solo_S"": 2, ""background_R"": 323, ""background_S"": 10431, ""p_value"": 1.0}",{}
NC_000962.3,BDQ-FRS-78.99999999999997-2024.01,1.1,GARC1,RUS,BDQ,Rv0678@394_del_cgaa,S,{},"{""solo_R"": 0, ""solo_S"": 1, ""background_R"": 323, ""background_S"": 10431, ""p_value"": 1.0}",{}
NC_000962.3,BDQ-FRS-78.99999999999997-2024.01,1.1,GARC1,RUS,BDQ,Rv0678@c-30g,S,{},"{""solo_R"": 0, ""solo_S"": 1, ""background_R"": 323, ""background_S"": 10431, ""p_value"": 1.0}",{}
NC_000962.3,BDQ-FRS-78.99999999999997-2024.01,1.1,GARC1,RUS,BDQ,mmpS5@A142S,S,{},"{""solo_R"": 0, ""solo_S"": 1, ""background_R"": 323, ""background_S"": 10431, ""p_value"": 1.0}",{}
NC_000962.3,BDQ-FRS-78.99999999999997-2024.01,1.1,GARC1,RUS,BDQ,atpE@A18S,S,{},"{""solo_R"": 0, ""solo_S"": 1, ""background_R"": 323, ""background_S"": 10431, ""p_value"": 1.0}",{}
NC_000962.3,BDQ-FRS-78.99999999999997-2024.01,1.1,GARC1,RUS,BDQ,Rv0678@g-14a,S,{},"{""solo_R"": 0, ""solo_S"": 1, ""background_R"": 323, ""background_S"": 10431, ""p_value"": 1.0}",{}
NC_000962.3,BDQ-FRS-78.99999999999997-2024.01,1.1,GARC1,RUS,BDQ,Rv0678@G25C,S,{},"{""solo_R"": 0, ""solo_S"": 1, ""background_R"": 323, ""background_S"": 10431, ""p_value"": 1.0}",{}
NC_000962.3,BDQ-FRS-78.99999999999997-2024.01,1.1,GARC1,RUS,BDQ,Rv0678@D8G,S,{},"{""solo_R"": 0, ""solo_S"": 1, ""background_R"": 323, ""background_S"": 10431, ""p_value"": 1.0}",{}
NC_000962.3,BDQ-FRS-78.99999999999997-2024.01,1.1,GARC1,RUS,BDQ,mmpS5@A133V,S,{},"{""solo_R"": 0, ""solo_S"": 1, ""background_R"": 323, ""background_S"": 10431, ""p_value"": 1.0}",{}
NC_000962.3,BDQ-FRS-78.99999999999997-2024.01,1.1,GARC1,RUS,BDQ,Rv0678@S68I,S,{},"{""solo_R"": 0, ""solo_S"": 1, ""background_R"": 323, ""background_S"": 10431, ""p_value"": 1.0}",{}
NC_000962.3,BDQ-FRS-78.99999999999997-2024.01,1.1,GARC1,RUS,BDQ,Rv0678@M10I,S,{},"{""solo_R"": 0, ""solo_S"": 1, ""background_R"": 323, ""background_S"": 10431, ""p_value"": 1.0}",{}
NC_000962.3,BDQ-FRS-78.99999999999997-2024.01,1.1,GARC1,RUS,BDQ,Rv0678@A59V,S,{},"{""solo_R"": 0, ""solo_S"": 1, ""background_R"": 323, ""background_S"": 10431, ""p_value"": 1.0}",{}
NC_000962.3,BDQ-FRS-78.99999999999997-2024.01,1.1,GARC1,RUS,BDQ,Rv0678@G87R,S,{},"{""solo_R"": 0, ""solo_S"": 1, ""background_R"": 323, ""background_S"": 10431, ""p_value"": 1.0}",{}
NC_000962.3,BDQ-FRS-78.99999999999997-2024.01,1.1,GARC1,RUS,BDQ,Rv0678@D15A,S,{},"{""solo_R"": 0, ""solo_S"": 1, ""background_R"": 323, ""background_S"": 10431, ""p_value"": 1.0}",{}
NC_000962.3,BDQ-FRS-78.99999999999997-2024.01,1.1,GARC1,RUS,BDQ,pepQ@H100R,S,{},"{""solo_R"": 0, ""solo_S"": 1, ""background_R"": 323, ""background_S"": 10737, ""p_value"": 1.0}",{}
NC_000962.3,BDQ-FRS-78.99999999999997-2024.01,1.1,GARC1,RUS,BDQ,mmpS5@T24M,S,{},"{""solo_R"": 0, ""solo_S"": 3, ""background_R"": 323, ""background_S"": 10737, ""p_value"": 1.0}",{}
NC_000962.3,BDQ-FRS-78.99999999999997-2024.01,1.1,GARC1,RUS,BDQ,pepQ@V1M,S,{},"{""solo_R"": 0, ""solo_S"": 1, ""background_R"": 323, ""background_S"": 10737, ""p_value"": 1.0}",{}
NC_000962.3,BDQ-FRS-78.99999999999997-2024.01,1.1,GARC1,RUS,BDQ,Rv0678@P14L,S,{},"{""solo_R"": 0, ""solo_S"": 1, ""background_R"": 323, ""background_S"": 10737, ""p_value"": 1.0}",{}
NC_000962.3,BDQ-FRS-78.99999999999997-2024.01,1.1,GARC1,RUS,BDQ,Rv0678@c-11a,R,{},"{""solo_R"": 22, ""solo_S"": 102, ""background_R"": 323, ""background_S"": 10743, ""p_value"": 2.341011407802713e-11}",{}
NC_000962.3,BDQ-FRS-78.99999999999997-2024.01,1.1,GARC1,RUS,BDQ,Rv0678@193_del_g,R,{},"{""solo_R"": 9, ""solo_S"": 6, ""background_R"": 323, ""background_S"": 10743, ""p_value"": 7.465387103906769e-11}",{}
NC_000962.3,BDQ-FRS-78.99999999999997-2024.01,1.1,GARC1,RUS,BDQ,Rv0678@L117R,R,{},"{""solo_R"": 2, ""solo_S"": 2, ""background_R"": 323, ""background_S"": 10743, ""p_value"": 0.004957686193713273}",{}
NC_000962.3,BDQ-FRS-78.99999999999997-2024.01,1.1,GARC1,RUS,BDQ,Rv0678@192_ins_g,R,{},"{""solo_R"": 30, ""solo_S"": 45, ""background_R"": 323, ""background_S"": 10743, ""p_value"": 6.70660064633211e-26}",{}
NC_000962.3,BDQ-FRS-78.99999999999997-2024.01,1.1,GARC1,RUS,BDQ,Rv0678@141_ins_c,R,{},"{""solo_R"": 123, ""solo_S"": 20, ""background_R"": 323, ""background_S"": 10743, ""p_value"": 6.890200531198099e-157}",{}
NC_000962.3,BDQ-FRS-78.99999999999997-2024.01,1.1,GARC1,RUS,BDQ,Rv0678@465_ins_c,R,{},"{""solo_R"": 4, ""solo_S"": 2, ""background_R"": 323, ""background_S"": 10743, ""p_value"": 1.069317209086002e-05}",{}
NC_000962.3,BDQ-FRS-78.99999999999997-2024.01,1.1,GARC1,RUS,BDQ,atpE@E61D,R,{},"{""solo_R"": 1, ""solo_S"": 0, ""background_R"": 323, ""background_S"": 10743, ""p_value"": 0.029276226619680126}",{}
NC_000962.3,BDQ-FRS-78.99999999999997-2024.01,1.1,GARC1,RUS,BDQ,Rv0678@L32S,R,{},"{""solo_R"": 2, ""solo_S"": 1, ""background_R"": 323, ""background_S"": 10743, ""p_value"": 0.002528358323719814}",{}
NC_000962.3,BDQ-FRS-78.99999999999997-2024.01,1.1,GARC1,RUS,BDQ,Rv0678@Q115!,R,{},"{""solo_R"": 3, ""solo_S"": 1, ""background_R"": 323, ""background_S"": 10743, ""p_value"": 9.903045372635487e-05}",{}
NC_000962.3,BDQ-FRS-78.99999999999997-2024.01,1.1,GARC1,RUS,BDQ,Rv0678@138_ins_g,R,{},"{""solo_R"": 35, ""solo_S"": 13, ""background_R"": 323, ""background_S"": 10743, ""p_value"": 1.515423714988352e-42}",{}
NC_000962.3,BDQ-FRS-78.99999999999997-2024.01,1.1,GARC1,RUS,BDQ,Rv0678@136_ins_g,R,{},"{""solo_R"": 5, ""solo_S"": 1, ""background_R"": 323, ""background_S"": 10743, ""p_value"": 1.2965445416144118e-07}",{}
NC_000962.3,BDQ-FRS-78.99999999999997-2024.01,1.1,GARC1,RUS,BDQ,Rv0678@R94W,R,{},"{""solo_R"": 3, ""solo_S"": 1, ""background_R"": 323, ""background_S"": 10743, ""p_value"": 9.903045372635487e-05}",{}
NC_000962.3,BDQ-FRS-78.99999999999997-2024.01,1.1,GARC1,RUS,BDQ,atpE@A63P,R,{},"{""solo_R"": 3, ""solo_S"": 0, ""background_R"": 323, ""background_S"": 10743, ""p_value"": 2.5318532131244336e-05}",{}
NC_000962.3,BDQ-FRS-78.99999999999997-2024.01,1.1,GARC1,RUS,BDQ,Rv0678@S2I,R,{},"{""solo_R"": 3, ""solo_S"": 1, ""background_R"": 323, ""background_S"": 10743, ""p_value"": 9.903045372635487e-05}",{}
NC_000962.3,BDQ-FRS-78.99999999999997-2024.01,1.1,GARC1,RUS,BDQ,pepQ@150_ins_c,R,{},"{""solo_R"": 2, ""solo_S"": 0, ""background_R"": 323, ""background_S"": 10743, ""p_value"": 0.0008596651293274342}",{}
NC_000962.3,BDQ-FRS-78.99999999999997-2024.01,1.1,GARC1,RUS,BDQ,Rv0678@Y92!,R,{},"{""solo_R"": 2, ""solo_S"": 0, ""background_R"": 323, ""background_S"": 10743, ""p_value"": 0.0008596651293274342}",{}
NC_000962.3,BDQ-FRS-78.99999999999997-2024.01,1.1,GARC1,RUS,BDQ,Rv0678@471_del_cagc,R,{},"{""solo_R"": 3, ""solo_S"": 0, ""background_R"": 323, ""background_S"": 10743, ""p_value"": 2.5318532131244336e-05}",{}
NC_000962.3,BDQ-FRS-78.99999999999997-2024.01,1.1,GARC1,RUS,BDQ,Rv0678@292_del_a,R,{},"{""solo_R"": 7, ""solo_S"": 0, ""background_R"": 323, ""background_S"": 10743, ""p_value"": 1.962203784122997e-11}",{}
NC_000962.3,BDQ-FRS-78.99999999999997-2024.01,1.1,GARC1,RUS,BDQ,Rv0678@L40F,R,{},"{""solo_R"": 2, ""solo_S"": 0, ""background_R"": 323, ""background_S"": 10743, ""p_value"": 0.0008596651293274342}",{}
NC_000962.3,BDQ-FRS-78.99999999999997-2024.01,1.1,GARC1,RUS,BDQ,Rv0678@S63R,R,{},"{""solo_R"": 2, ""solo_S"": 0, ""background_R"": 323, ""background_S"": 10743, ""p_value"": 0.0008596651293274342}",{}
NC_000962.3,BDQ-FRS-78.99999999999997-2024.01,1.1,GARC1,RUS,BDQ,Rv0678@I67S,R,{},"{""solo_R"": 13, ""solo_S"": 0, ""background_R"": 323, ""background_S"": 10743, ""p_value"": 1.4617385179251975e-20}",{}
NC_000962.3,BDQ-FRS-78.99999999999997-2024.01,1.1,GARC1,RUS,BDQ,Rv0678@423_ins_c,R,{},"{""solo_R"": 13, ""solo_S"": 0, ""background_R"": 323, ""background_S"": 10743, ""p_value"": 1.4617385179251975e-20}",{}
NC_000962.3,BDQ-FRS-78.99999999999997-2024.01,1.1,GARC1,RUS,BDQ,Rv0678@M146T,R,{},"{""solo_R"": 11, ""solo_S"": 13, ""background_R"": 323, ""background_S"": 10743, ""p_value"": 2.7623530310205037e-11}",{}
NC_000962.3,BDQ-FRS-78.99999999999997-2024.01,1.1,GARC1,RUS,BDQ,Rv0678@140_ins_tc,R,{},"{""solo_R"": 14, ""solo_S"": 2, ""background_R"": 323, ""background_S"": 10743, ""p_value"": 5.0356670441978317e-20}",{}
NC_000962.3,BDQ-FRS-78.99999999999997-2024.01,1.1,GARC1,RUS,BDQ,Rv0678@199_ins_tc,R,{},"{""solo_R"": 2, ""solo_S"": 0, ""background_R"": 323, ""background_S"": 10743, ""p_value"": 0.0008596651293274342}",{}
NC_000962.3,BDQ-FRS-78.99999999999997-2024.01,1.1,GARC1,RUS,BDQ,Rv0678@148_ins_g,R,{},"{""solo_R"": 6, ""solo_S"": 0, ""background_R"": 323, ""background_S"": 10743, ""p_value"": 6.584085606543618e-10}",{}
NC_000962.3,BDQ-FRS-78.99999999999997-2024.01,1.1,GARC1,RUS,BDQ,Rv0678@289_del_c,R,{},"{""solo_R"": 1, ""solo_S"": 0, ""background_R"": 323, ""background_S"": 10743, ""p_value"": 0.029276226619680126}",{}
NC_000962.3,BDQ-FRS-78.99999999999997-2024.01,1.1,GARC1,RUS,BDQ,Rv0678@287_del_g,R,{},"{""solo_R"": 2, ""solo_S"": 0, ""background_R"": 323, ""background_S"": 10743, ""p_value"": 0.0008596651293274342}",{}
NC_000962.3,BDQ-FRS-78.99999999999997-2024.01,1.1,GARC1,RUS,BDQ,Rv0678@Q76K,R,{},"{""solo_R"": 1, ""solo_S"": 0, ""background_R"": 323, ""background_S"": 10743, ""p_value"": 0.029276226619680126}",{}
NC_000962.3,BDQ-FRS-78.99999999999997-2024.01,1.1,GARC1,RUS,BDQ,Rv0678@150_ins_c,R,{},"{""solo_R"": 4, ""solo_S"": 0, ""background_R"": 323, ""background_S"": 10743, ""p_value"": 7.478915995408218e-07}",{}
NC_000962.3,BDQ-FRS-78.99999999999997-2024.01,1.1,GARC1,RUS,BDQ,Rv0678@167_del_tggcgacggcgctggcggccagcagcggggggatcagcaccaatgcccggatgctgatccaatttgggttcattgagcggctcgcggtcgccggggatcggcgcacctattt,R,{},"{""solo_R"": 1, ""solo_S"": 0, ""background_R"": 323, ""background_S"": 10743, ""p_value"": 0.029276226619680126}",{}
NC_000962.3,BDQ-FRS-78.99999999999997-2024.01,1.1,GARC1,RUS,BDQ,Rv0678@R109P,R,{},"{""solo_R"": 2, ""solo_S"": 0, ""background_R"": 323, ""background_S"": 10743, ""p_value"": 0.0008596651293274342}",{}
NC_000962.3,BDQ-FRS-78.99999999999997-2024.01,1.1,GARC1,RUS,BDQ,Rv0678@A112P,R,{},"{""solo_R"": 1, ""solo_S"": 0, ""background_R"": 323, ""background_S"": 10743, ""p_value"": 0.029276226619680126}",{}
NC_000962.3,BDQ-FRS-78.99999999999997-2024.01,1.1,GARC1,RUS,BDQ,Rv0678@132_ins_gt,R,{},"{""solo_R"": 13, ""solo_S"": 1, ""background_R"": 323, ""background_S"": 10743, ""p_value"": 1.9886372062592633e-19}",{}
NC_000962.3,BDQ-FRS-78.99999999999997-2024.01,1.1,GARC1,RUS,BDQ,Rv0678@G24R,R,{},"{""solo_R"": 1, ""solo_S"": 0, ""background_R"": 323, ""background_S"": 10743, ""p_value"": 0.029276226619680126}",{}
NC_000962.3,BDQ-FRS-78.99999999999997-2024.01,1.1,GARC1,RUS,BDQ,Rv0678@C46R,R,{},"{""solo_R"": 6, ""solo_S"": 1, ""background_R"": 323, ""background_S"": 10743, ""p_value"": 4.491127697533154e-09}",{}
NC_000962.3,BDQ-FRS-78.99999999999997-2024.01,1.1,GARC1,RUS,BDQ,Rv0678@Q115P,R,{},"{""solo_R"": 2, ""solo_S"": 0, ""background_R"": 323, ""background_S"": 10743, ""p_value"": 0.0008596651293274342}",{}
NC_000962.3,BDQ-FRS-78.99999999999997-2024.01,1.1,GARC1,RUS,BDQ,Rv0678@441_ins_t,R,{},"{""solo_R"": 3, ""solo_S"": 0, ""background_R"": 323, ""background_S"": 10743, ""p_value"": 2.5318532131244336e-05}",{}
NC_000962.3,BDQ-FRS-78.99999999999997-2024.01,1.1,GARC1,RUS,BDQ,Rv0678@G121R,R,{},"{""solo_R"": 6, ""solo_S"": 0, ""background_R"": 323, ""background_S"": 10743, ""p_value"": 6.584085606543618e-10}",{}
NC_000962.3,BDQ-FRS-78.99999999999997-2024.01,1.1,GARC1,RUS,BDQ,pepQ@S200L,R,{},"{""solo_R"": 1, ""solo_S"": 0, ""background_R"": 323, ""background_S"": 10743, ""p_value"": 0.029276226619680126}",{}
NC_000962.3,BDQ-FRS-78.99999999999997-2024.01,1.1,GARC1,RUS,BDQ,Rv0678@G41D,R,{},"{""solo_R"": 4, ""solo_S"": 0, ""background_R"": 323, ""background_S"": 10743, ""p_value"": 7.478915995408218e-07}",{}
NC_000962.3,BDQ-FRS-78.99999999999997-2024.01,1.1,GARC1,RUS,BDQ,Rv0678@R105S,R,{},"{""solo_R"": 1, ""solo_S"": 0, ""background_R"": 323, ""background_S"": 10743, ""p_value"": 0.029276226619680126}",{}
NC_000962.3,BDQ-FRS-78.99999999999997-2024.01,1.1,GARC1,RUS,BDQ,Rv0678@C46W,R,{},"{""solo_R"": 2, ""solo_S"": 0, ""background_R"": 323, ""background_S"": 10743, ""p_value"": 0.0008596651293274342}",{}
NC_000962.3,BDQ-FRS-78.99999999999997-2024.01,1.1,GARC1,RUS,BDQ,Rv0678@Q76!,R,{},"{""solo_R"": 1, ""solo_S"": 0, ""background_R"": 323, ""background_S"": 10743, ""p_value"": 0.029276226619680126}",{}
NC_000962.3,BDQ-FRS-78.99999999999997-2024.01,1.1,GARC1,RUS,BDQ,Rv0678@265_ins_t,R,{},"{""solo_R"": 3, ""solo_S"": 0, ""background_R"": 323, ""background_S"": 10743, ""p_value"": 2.5318532131244336e-05}",{}
NC_000962.3,BDQ-FRS-78.99999999999997-2024.01,1.1,GARC1,RUS,BDQ,Rv0678@422_ins_tc,R,{},"{""solo_R"": 1, ""solo_S"": 0, ""background_R"": 323, ""background_S"": 10743, ""p_value"": 0.029276226619680126}",{}
NC_000962.3,BDQ-FRS-78.99999999999997-2024.01,1.1,GARC1,RUS,BDQ,Rv0678@t-8c,R,{},"{""solo_R"": 1, ""solo_S"": 0, ""background_R"": 323, ""background_S"": 10743, ""p_value"": 0.029276226619680126}",{}
NC_000962.3,BDQ-FRS-78.99999999999997-2024.01,1.1,GARC1,RUS,BDQ,Rv0678@N70D,R,{},"{""solo_R"": 6, ""solo_S"": 1, ""background_R"": 323, ""background_S"": 10743, ""p_value"": 4.491127697533154e-09}",{}
NC_000962.3,BDQ-FRS-78.99999999999997-2024.01,1.1,GARC1,RUS,BDQ,Rv0678@383_del_c,R,{},"{""solo_R"": 2, ""solo_S"": 0, ""background_R"": 323, ""background_S"": 10743, ""p_value"": 0.0008596651293274342}",{}
NC_000962.3,BDQ-FRS-78.99999999999997-2024.01,1.1,GARC1,RUS,BDQ,atpE@I66M,R,{},"{""solo_R"": 3, ""solo_S"": 0, ""background_R"": 323, ""background_S"": 10743, ""p_value"": 2.5318532131244336e-05}",{}
NC_000962.3,BDQ-FRS-78.99999999999997-2024.01,1.1,GARC1,RUS,BDQ,Rv0678@S63G,R,{},"{""solo_R"": 3, ""solo_S"": 0, ""background_R"": 323, ""background_S"": 10743, ""p_value"": 2.5318532131244336e-05}",{}
NC_000962.3,BDQ-FRS-78.99999999999997-2024.01,1.1,GARC1,RUS,BDQ,pepQ@817_ins_g,R,{},"{""solo_R"": 2, ""solo_S"": 1, ""background_R"": 323, ""background_S"": 10743, ""p_value"": 0.002528358323719814}",{}
NC_000962.3,BDQ-FRS-78.99999999999997-2024.01,1.1,GARC1,RUS,BDQ,Rv0678@T91I,R,{},"{""solo_R"": 3, ""solo_S"": 0, ""background_R"": 323, ""background_S"": 10743, ""p_value"": 2.5318532131244336e-05}",{}
NC_000962.3,BDQ-FRS-78.99999999999997-2024.01,1.1,GARC1,RUS,BDQ,Rv0678@A102P,R,{},"{""solo_R"": 1, ""solo_S"": 0, ""background_R"": 323, ""background_S"": 10743, ""p_value"": 0.029276226619680126}",{}
NC_000962.3,BDQ-FRS-78.99999999999997-2024.01,1.1,GARC1,RUS,BDQ,Rv0678@E113!,R,{},"{""solo_R"": 2, ""solo_S"": 0, ""background_R"": 323, ""background_S"": 10743, ""p_value"": 0.0008596651293274342}",{}
NC_000962.3,BDQ-FRS-78.99999999999997-2024.01,1.1,GARC1,RUS,BDQ,Rv0678@F93S,R,{},"{""solo_R"": 2, ""solo_S"": 0, ""background_R"": 323, ""background_S"": 10743, ""p_value"": 0.0008596651293274342}",{}
NC_000962.3,BDQ-FRS-78.99999999999997-2024.01,1.1,GARC1,RUS,BDQ,Rv0678@W42!,R,{},"{""solo_R"": 2, ""solo_S"": 0, ""background_R"": 323, ""background_S"": 10743, ""p_value"": 0.0008596651293274342}",{}
NC_000962.3,BDQ-FRS-78.99999999999997-2024.01,1.1,GARC1,RUS,BDQ,Rv0678@137_ins_tg,R,{},"{""solo_R"": 1, ""solo_S"": 0, ""background_R"": 323, ""background_S"": 10743, ""p_value"": 0.029276226619680126}",{}
NC_000962.3,BDQ-FRS-78.99999999999997-2024.01,1.1,GARC1,RUS,BDQ,pepQ@230_ins_g,R,{},"{""solo_R"": 1, ""solo_S"": 0, ""background_R"": 323, ""background_S"": 10743, ""p_value"": 0.029276226619680126}",{}
NC_000962.3,BDQ-FRS-78.99999999999997-2024.01,1.1,GARC1,RUS,BDQ,Rv0678@Y92C,R,{},"{""solo_R"": 1, ""solo_S"": 0, ""background_R"": 323, ""background_S"": 10743, ""p_value"": 0.029276226619680126}",{}
NC_000962.3,BDQ-FRS-78.99999999999997-2024.01,1.1,GARC1,RUS,BDQ,Rv0678@419_del_g,R,{},"{""solo_R"": 1, ""solo_S"": 0, ""background_R"": 323, ""background_S"": 10743, ""p_value"": 0.029276226619680126}",{}
NC_000962.3,BDQ-FRS-78.99999999999997-2024.01,1.1,GARC1,RUS,BDQ,Rv0678@491_ins_cg,R,{},"{""solo_R"": 4, ""solo_S"": 0, ""background_R"": 323, ""background_S"": 10743, ""p_value"": 7.478915995408218e-07}",{}
NC_000962.3,BDQ-FRS-78.99999999999997-2024.01,1.1,GARC1,RUS,BDQ,Rv0678@G78R,R,{},"{""solo_R"": 2, ""solo_S"": 0, ""background_R"": 323, ""background_S"": 10743, ""p_value"": 0.0008596651293274342}",{}
NC_000962.3,BDQ-FRS-78.99999999999997-2024.01,1.1,GARC1,RUS,BDQ,Rv0678@A36V,R,{},"{""solo_R"": 4, ""solo_S"": 0, ""background_R"": 323, ""background_S"": 10743, ""p_value"": 7.478915995408218e-07}",{}
NC_000962.3,BDQ-FRS-78.99999999999997-2024.01,1.1,GARC1,RUS,BDQ,Rv0678@G65E,R,{},"{""solo_R"": 3, ""solo_S"": 0, ""background_R"": 323, ""background_S"": 10743, ""p_value"": 2.5318532131244336e-05}",{}
NC_000962.3,BDQ-FRS-78.99999999999997-2024.01,1.1,GARC1,RUS,BDQ,Rv0678@137_ins_tga,R,{},"{""solo_R"": 3, ""solo_S"": 0, ""background_R"": 323, ""background_S"": 10743, ""p_value"": 2.5318532131244336e-05}",{}
NC_000962.3,BDQ-FRS-78.99999999999997-2024.01,1.1,GARC1,RUS,BDQ,Rv0678@D47G,R,{},"{""solo_R"": 1, ""solo_S"": 0, ""background_R"": 323, ""background_S"": 10743, ""p_value"": 0.029276226619680126}",{}
NC_000962.3,BDQ-FRS-78.99999999999997-2024.01,1.1,GARC1,RUS,BDQ,Rv0678@G24C,R,{},"{""solo_R"": 2, ""solo_S"": 0, ""background_R"": 323, ""background_S"": 10743, ""p_value"": 0.0008596651293274342}",{}
NC_000962.3,BDQ-FRS-78.99999999999997-2024.01,1.1,GARC1,RUS,BDQ,Rv0678@128_del_tgctggtgtgt,R,{},"{""solo_R"": 1, ""solo_S"": 0, ""background_R"": 323, ""background_S"": 10743, ""p_value"": 0.029276226619680126}",{}
NC_000962.3,BDQ-FRS-78.99999999999997-2024.01,1.1,GARC1,RUS,BDQ,Rv0678@Y26H,R,{},"{""solo_R"": 1, ""solo_S"": 0, ""background_R"": 323, ""background_S"": 10743, ""p_value"": 0.029276226619680126}",{}
NC_000962.3,BDQ-FRS-78.99999999999997-2024.01,1.1,GARC1,RUS,BDQ,Rv0678@R134!,R,{},"{""solo_R"": 6, ""solo_S"": 1, ""background_R"": 323, ""background_S"": 10743, ""p_value"": 4.491127697533154e-09}",{}
NC_000962.3,BDQ-FRS-78.99999999999997-2024.01,1.1,GARC1,RUS,BDQ,Rv0678@P48L,R,{},"{""solo_R"": 2, ""solo_S"": 1, ""background_R"": 323, ""background_S"": 10743, ""p_value"": 0.002528358323719814}",{}
NC_000962.3,BDQ-FRS-78.99999999999997-2024.01,1.1,GARC1,RUS,BDQ,Rv0678@369_ins_gc,R,{},"{""solo_R"": 2, ""solo_S"": 0, ""background_R"": 323, ""background_S"": 10743, ""p_value"": 0.0008596651293274342}",{}
NC_000962.3,BDQ-FRS-78.99999999999997-2024.01,1.1,GARC1,RUS,BDQ,Rv0678@A99P,R,{},"{""solo_R"": 2, ""solo_S"": 0, ""background_R"": 323, ""background_S"": 10743, ""p_value"": 0.0008596651293274342}",{}
NC_000962.3,BDQ-FRS-78.99999999999997-2024.01,1.1,GARC1,RUS,BDQ,Rv0678@S53L,R,{},"{""solo_R"": 1, ""solo_S"": 0, ""background_R"": 323, ""background_S"": 10743, ""p_value"": 0.029276226619680126}",{}
NC_000962.3,BDQ-FRS-78.99999999999997-2024.01,1.1,GARC1,RUS,BDQ,Rv0678@429_ins_gc,R,{},"{""solo_R"": 1, ""solo_S"": 0, ""background_R"": 323, ""background_S"": 10743, ""p_value"": 0.029276226619680126}",{}
NC_000962.3,BDQ-FRS-78.99999999999997-2024.01,1.1,GARC1,RUS,BDQ,Rv0678@466_ins_g,R,{},"{""solo_R"": 1, ""solo_S"": 0, ""background_R"": 323, ""background_S"": 10743, ""p_value"": 0.029276226619680126}",{}
NC_000962.3,BDQ-FRS-78.99999999999997-2024.01,1.1,GARC1,RUS,BDQ,pepQ@298_ins_c,R,{},"{""solo_R"": 2, ""solo_S"": 1, ""background_R"": 323, ""background_S"": 10743, ""p_value"": 0.002528358323719814}",{}
NC_000962.3,BDQ-FRS-78.99999999999997-2024.01,1.1,GARC1,RUS,BDQ,Rv0678@67_ins_t,R,{},"{""solo_R"": 1, ""solo_S"": 0, ""background_R"": 323, ""background_S"": 10743, ""p_value"": 0.029276226619680126}",{}
NC_000962.3,BDQ-FRS-78.99999999999997-2024.01,1.1,GARC1,RUS,BDQ,Rv0678@R34W,R,{},"{""solo_R"": 2, ""solo_S"": 0, ""background_R"": 323, ""background_S"": 10743, ""p_value"": 0.0008596651293274342}",{}
NC_000962.3,BDQ-FRS-78.99999999999997-2024.01,1.1,GARC1,RUS,BDQ,Rv0678@F100I,R,{},"{""solo_R"": 1, ""solo_S"": 0, ""background_R"": 323, ""background_S"": 10743, ""p_value"": 0.029276226619680126}",{}
NC_000962.3,BDQ-FRS-78.99999999999997-2024.01,1.1,GARC1,RUS,BDQ,Rv0678@16_del_g,R,{},"{""solo_R"": 3, ""solo_S"": 0, ""background_R"": 323, ""background_S"": 10743, ""p_value"": 2.5318532131244336e-05}",{}
NC_000962.3,BDQ-FRS-78.99999999999997-2024.01,1.1,GARC1,RUS,BDQ,Rv0678@R135W,R,{},"{""solo_R"": 1, ""solo_S"": 0, ""background_R"": 323, ""background_S"": 10743, ""p_value"": 0.029276226619680126}",{}
NC_000962.3,BDQ-FRS-78.99999999999997-2024.01,1.1,GARC1,RUS,BDQ,Rv0678@464_ins_gc,R,{},"{""solo_R"": 4, ""solo_S"": 0, ""background_R"": 323, ""background_S"": 10743, ""p_value"": 7.478915995408218e-07}",{}
NC_000962.3,BDQ-FRS-78.99999999999997-2024.01,1.1,GARC1,RUS,BDQ,Rv0678@G103R,R,{},"{""solo_R"": 1, ""solo_S"": 0, ""background_R"": 323, ""background_S"": 10743, ""p_value"": 0.029276226619680126}",{}
NC_000962.3,BDQ-FRS-78.99999999999997-2024.01,1.1,GARC1,RUS,BDQ,Rv0678@Y157S,R,{},"{""solo_R"": 2, ""solo_S"": 0, ""background_R"": 323, ""background_S"": 10743, ""p_value"": 0.0008596651293274342}",{}
NC_000962.3,BDQ-FRS-78.99999999999997-2024.01,1.1,GARC1,RUS,BDQ,Rv0678@M139I,R,{},"{""solo_R"": 2, ""solo_S"": 3, ""background_R"": 323, ""background_S"": 10743, ""p_value"": 0.008101410393644592}",{}
NC_000962.3,BDQ-FRS-78.99999999999997-2024.01,1.1,GARC1,RUS,BDQ,Rv0678@I16S,R,{},"{""solo_R"": 1, ""solo_S"": 0, ""background_R"": 323, ""background_S"": 10743, ""p_value"": 0.029276226619680126}",{}
NC_000962.3,BDQ-FRS-78.99999999999997-2024.01,1.1,GARC1,RUS,BDQ,pepQ@1017_del_gga,R,{},"{""solo_R"": 1, ""solo_S"": 0, ""background_R"": 323, ""background_S"": 10743, ""p_value"": 0.029276226619680126}",{}
NC_000962.3,BDQ-FRS-78.99999999999997-2024.01,1.1,GARC1,RUS,BDQ,Rv0678@132_del_gg,R,{},"{""solo_R"": 1, ""solo_S"": 0, ""background_R"": 323, ""background_S"": 10743, ""p_value"": 0.029276226619680126}",{}
NC_000962.3,BDQ-FRS-78.99999999999997-2024.01,1.1,GARC1,RUS,BDQ,Rv0678@242_ins_gc,R,{},"{""solo_R"": 1, ""solo_S"": 0, ""background_R"": 323, ""background_S"": 10743, ""p_value"": 0.029276226619680126}",{}
NC_000962.3,BDQ-FRS-78.99999999999997-2024.01,1.1,GARC1,RUS,BDQ,Rv0678@Q22!,R,{},"{""solo_R"": 1, ""solo_S"": 0, ""background_R"": 323, ""background_S"": 10743, ""p_value"": 0.029276226619680126}",{}
NC_000962.3,BDQ-FRS-78.99999999999997-2024.01,1.1,GARC1,RUS,BDQ,Rv0678@S64I,R,{},"{""solo_R"": 1, ""solo_S"": 0, ""background_R"": 323, ""background_S"": 10743, ""p_value"": 0.029276226619680126}",{}
NC_000962.3,BDQ-FRS-78.99999999999997-2024.01,1.1,GARC1,RUS,BDQ,Rv0678@L60P,R,{},"{""solo_R"": 2, ""solo_S"": 0, ""background_R"": 323, ""background_S"": 10743, ""p_value"": 0.0008596651293274342}",{}
NC_000962.3,BDQ-FRS-78.99999999999997-2024.01,1.1,GARC1,RUS,BDQ,Rv0678@133_del_gt,R,{},"{""solo_R"": 1, ""solo_S"": 0, ""background_R"": 323, ""background_S"": 10743, ""p_value"": 0.029276226619680126}",{}
NC_000962.3,BDQ-FRS-78.99999999999997-2024.01,1.1,GARC1,RUS,BDQ,Rv0678@F79L,R,{},"{""solo_R"": 2, ""solo_S"": 0, ""background_R"": 323, ""background_S"": 10743, ""p_value"": 0.0008596651293274342}",{}
NC_000962.3,BDQ-FRS-78.99999999999997-2024.01,1.1,GARC1,RUS,BDQ,Rv0678@L136P,R,{},"{""solo_R"": 2, ""solo_S"": 0, ""background_R"": 323, ""background_S"": 10743, ""p_value"": 0.0008596651293274342}",{}
NC_000962.3,BDQ-FRS-78.99999999999997-2024.01,1.1,GARC1,RUS,BDQ,Rv0678@R38L,R,{},"{""solo_R"": 1, ""solo_S"": 0, ""background_R"": 323, ""background_S"": 10743, ""p_value"": 0.029276226619680126}",{}
NC_000962.3,BDQ-FRS-78.99999999999997-2024.01,1.1,GARC1,RUS,BDQ,Rv0678@437_del_t,R,{},"{""solo_R"": 1, ""solo_S"": 0, ""background_R"": 323, ""background_S"": 10743, ""p_value"": 0.029276226619680126}",{}
NC_000962.3,BDQ-FRS-78.99999999999997-2024.01,1.1,GARC1,RUS,BDQ,Rv0678@Y157!,R,{},"{""solo_R"": 2, ""solo_S"": 0, ""background_R"": 323, ""background_S"": 10743, ""p_value"": 0.0008596651293274342}",{}
NC_000962.3,BDQ-FRS-78.99999999999997-2024.01,1.1,GARC1,RUS,BDQ,Rv0678@L122P,R,{},"{""solo_R"": 2, ""solo_S"": 0, ""background_R"": 323, ""background_S"": 10743, ""p_value"": 0.0008596651293274342}",{}
NC_000962.3,BDQ-FRS-78.99999999999997-2024.01,1.1,GARC1,RUS,BDQ,Rv0678@R34Q,R,{},"{""solo_R"": 2, ""solo_S"": 0, ""background_R"": 323, ""background_S"": 10743, ""p_value"": 0.0008596651293274342}",{}
NC_000962.3,BDQ-FRS-78.99999999999997-2024.01,1.1,GARC1,RUS,BDQ,Rv0678@R50P,R,{},"{""solo_R"": 1, ""solo_S"": 0, ""background_R"": 323, ""background_S"": 10743, ""p_value"": 0.029276226619680126}",{}
NC_000962.3,BDQ-FRS-78.99999999999997-2024.01,1.1,GARC1,RUS,BDQ,Rv0678@I67L,R,{},"{""solo_R"": 2, ""solo_S"": 0, ""background_R"": 323, ""background_S"": 10743, ""p_value"": 0.0008596651293274342}",{}
NC_000962.3,BDQ-FRS-78.99999999999997-2024.01,1.1,GARC1,RUS,BDQ,Rv0678@347_ins_c,R,{},"{""solo_R"": 1, ""solo_S"": 0, ""background_R"": 323, ""background_S"": 10743, ""p_value"": 0.029276226619680126}",{}
NC_000962.3,BDQ-FRS-78.99999999999997-2024.01,1.1,GARC1,RUS,BDQ,Rv0678@F93L,R,{},"{""solo_R"": 3, ""solo_S"": 0, ""background_R"": 323, ""background_S"": 10743, ""p_value"": 2.5318532131244336e-05}",{}
NC_000962.3,BDQ-FRS-78.99999999999997-2024.01,1.1,GARC1,RUS,BDQ,Rv0678@232_ins_ggt,R,{},"{""solo_R"": 1, ""solo_S"": 0, ""background_R"": 323, ""background_S"": 10743, ""p_value"": 0.029276226619680126}",{}
NC_000962.3,BDQ-FRS-78.99999999999997-2024.01,1.1,GARC1,RUS,BDQ,Rv0678@125_del_g,R,{},"{""solo_R"": 1, ""solo_S"": 0, ""background_R"": 323, ""background_S"": 10743, ""p_value"": 0.029276226619680126}",{}
NC_000962.3,BDQ-FRS-78.99999999999997-2024.01,1.1,GARC1,RUS,BDQ,Rv0678@R107L,R,{},"{""solo_R"": 1, ""solo_S"": 0, ""background_R"": 323, ""background_S"": 10743, ""p_value"": 0.029276226619680126}",{}
NC_000962.3,BDQ-FRS-78.99999999999997-2024.01,1.1,GARC1,RUS,BDQ,Rv0678@273_ins_a,R,{},"{""solo_R"": 1, ""solo_S"": 0, ""background_R"": 323, ""background_S"": 10743, ""p_value"": 0.029276226619680126}",{}
NC_000962.3,BDQ-FRS-78.99999999999997-2024.01,1.1,GARC1,RUS,BDQ,Rv0678@S53!,R,{},"{""solo_R"": 1, ""solo_S"": 0, ""background_R"": 323, ""background_S"": 10743, ""p_value"": 0.029276226619680126}",{}
NC_000962.3,BDQ-FRS-78.99999999999997-2024.01,1.1,GARC1,RUS,BDQ,Rv0678@L95S,R,{},"{""solo_R"": 1, ""solo_S"": 0, ""background_R"": 323, ""background_S"": 10743, ""p_value"": 0.029276226619680126}",{}
NC_000962.3,BDQ-FRS-78.99999999999997-2024.01,1.1,GARC1,RUS,BDQ,pepQ@151_ins_cg,R,{},"{""solo_R"": 1, ""solo_S"": 0, ""background_R"": 323, ""background_S"": 10743, ""p_value"": 0.029276226619680126}",{}
NC_000962.3,BDQ-FRS-78.99999999999997-2024.01,1.1,GARC1,RUS,BDQ,Rv0678@426_ins_t,R,{},"{""solo_R"": 1, ""solo_S"": 0, ""background_R"": 323, ""background_S"": 10743, ""p_value"": 0.029276226619680126}",{}
NC_000962.3,BDQ-FRS-78.99999999999997-2024.01,1.1,GARC1,RUS,BDQ,Rv0678@L60Q,R,{},"{""solo_R"": 1, ""solo_S"": 0, ""background_R"": 323, ""background_S"": 10743, ""p_value"": 0.029276226619680126}",{}
NC_000962.3,BDQ-FRS-78.99999999999997-2024.01,1.1,GARC1,RUS,BDQ,Rv0678@S52F,R,{},"{""solo_R"": 1, ""solo_S"": 0, ""background_R"": 323, ""background_S"": 10743, ""p_value"": 0.029276226619680126}",{}
NC_000962.3,BDQ-FRS-78.99999999999997-2024.01,1.1,GARC1,RUS,BDQ,Rv0678@138_ins_ga,R,{},"{""solo_R"": 1, ""solo_S"": 0, ""background_R"": 323, ""background_S"": 10743, ""p_value"": 0.029276226619680126}",{}
NC_000962.3,BDQ-FRS-78.99999999999997-2024.01,1.1,GARC1,RUS,BDQ,Rv0678@S68N,R,{},"{""solo_R"": 1, ""solo_S"": 0, ""background_R"": 323, ""background_S"": 10743, ""p_value"": 0.029276226619680126}",{}
NC_000962.3,BDQ-FRS-78.99999999999997-2024.01,1.1,GARC1,RUS,BDQ,Rv0678@L40M,R,{},"{""solo_R"": 1, ""solo_S"": 0, ""background_R"": 323, ""background_S"": 10743, ""p_value"": 0.029276226619680126}",{}
NC_000962.3,BDQ-FRS-78.99999999999997-2024.01,1.1,GARC1,RUS,BDQ,Rv0678@325_ins_g,R,{},"{""solo_R"": 1, ""solo_S"": 0, ""background_R"": 323, ""background_S"": 10743, ""p_value"": 0.029276226619680126}",{}
NC_000962.3,BDQ-FRS-78.99999999999997-2024.01,1.1,GARC1,RUS,BDQ,Rv0678@107_ins_g,R,{},"{""solo_R"": 1, ""solo_S"": 0, ""background_R"": 323, ""background_S"": 10743, ""p_value"": 0.029276226619680126}",{}
NC_000962.3,BDQ-FRS-78.99999999999997-2024.01,1.1,GARC1,RUS,BDQ,Rv0678@R90C,U,{},"{""solo_R"": 1, ""solo_S"": 6, ""background_R"": 323, ""background_S"": 10743, ""p_value"": 0.1877410517639959}",{}
NC_000962.3,BDQ-FRS-78.99999999999997-2024.01,1.1,GARC1,RUS,BDQ,Rv0678@R38!,U,{},"{""solo_R"": 1, ""solo_S"": 1, ""background_R"": 323, ""background_S"": 10743, ""p_value"": 0.057692788110032825}",{}
NC_000962.3,BDQ-FRS-78.99999999999997-2024.01,1.1,GARC1,RUS,BDQ,Rv0678@C46G,U,{},"{""solo_R"": 1, ""solo_S"": 1, ""background_R"": 323, ""background_S"": 10743, ""p_value"": 0.057692788110032825}",{}
NC_000962.3,BDQ-FRS-78.99999999999997-2024.01,1.1,GARC1,RUS,BDQ,Rv0678@R96L,U,{},"{""solo_R"": 1, ""solo_S"": 1, ""background_R"": 323, ""background_S"": 10743, ""p_value"": 0.057692788110032825}",{}
NC_000962.3,BDQ-FRS-78.99999999999997-2024.01,1.1,GARC1,RUS,BDQ,Rv0678@R156!,U,{},"{""solo_R"": 1, ""solo_S"": 1, ""background_R"": 323, ""background_S"": 10743, ""p_value"": 0.057692788110032825}",{}
NC_000962.3,BDQ-FRS-78.99999999999997-2024.01,1.1,GARC1,RUS,BDQ,Rv0678@L83P,U,{},"{""solo_R"": 1, ""solo_S"": 1, ""background_R"": 323, ""background_S"": 10743, ""p_value"": 0.057692788110032825}",{}
NC_000962.3,BDQ-FRS-78.99999999999997-2024.01,1.1,GARC1,RUS,BDQ,Rv0678@R107C,U,{},"{""solo_R"": 1, ""solo_S"": 1, ""background_R"": 323, ""background_S"": 10743, ""p_value"": 0.057692788110032825}",{}
NC_000962.3,BDQ-FRS-78.99999999999997-2024.01,1.1,GARC1,RUS,BDQ,Rv0678@418_ins_g,U,{},"{""solo_R"": 1, ""solo_S"": 1, ""background_R"": 323, ""background_S"": 10743, ""p_value"": 0.057692788110032825}",{}
NC_000962.3,BDQ-FRS-78.99999999999997-2024.01,1.1,GARC1,RUS,BDQ,Rv0678@N98D,U,{},"{""solo_R"": 1, ""solo_S"": 7, ""background_R"": 323, ""background_S"": 10743, ""p_value"": 0.2115058972785765}",{}
NC_000962.3,BDQ-FRS-78.99999999999997-2024.01,1.1,GARC1,RUS,BDQ,Rv0678@Q51R,U,{},"{""solo_R"": 1, ""solo_S"": 2, ""background_R"": 323, ""background_S"": 10743, ""p_value"": 0.08527500300318934}",{}
NC_000962.3,BDQ-FRS-78.99999999999997-2024.01,1.1,GARC1,RUS,BDQ,Rv0678@274_ins_a,U,{},"{""solo_R"": 1, ""solo_S"": 1, ""background_R"": 323, ""background_S"": 10743, ""p_value"": 0.057692788110032825}",{}
NC_000962.3,BDQ-FRS-78.99999999999997-2024.01,1.1,GARC1,RUS,BDQ,Rv0678@*=,S,{},{},{}
NC_000962.3,BDQ-FRS-78.99999999999997-2024.01,1.1,GARC1,RUS,BDQ,Rv0678@-*_indel,U,{},{},{}
NC_000962.3,BDQ-FRS-78.99999999999997-2024.01,1.1,GARC1,RUS,BDQ,Rv0678@*_indel,U,{},{},{}
NC_000962.3,BDQ-FRS-78.99999999999997-2024.01,1.1,GARC1,RUS,BDQ,Rv0678@-*?,U,{},{},{}
NC_000962.3,BDQ-FRS-78.99999999999997-2024.01,1.1,GARC1,RUS,BDQ,Rv0678@*?,U,{},{},{}
NC_000962.3,BDQ-FRS-78.99999999999997-2024.01,1.1,GARC1,RUS,BDQ,Rv0678@del_0.0,U,{},{},{}
NC_000962.3,BDQ-FRS-78.99999999999997-2024.01,1.1,GARC1,RUS,BDQ,pepQ@*=,S,{},{},{}
NC_000962.3,BDQ-FRS-78.99999999999997-2024.01,1.1,GARC1,RUS,BDQ,pepQ@-*_indel,U,{},{},{}
NC_000962.3,BDQ-FRS-78.99999999999997-2024.01,1.1,GARC1,RUS,BDQ,pepQ@*_indel,U,{},{},{}
NC_000962.3,BDQ-FRS-78.99999999999997-2024.01,1.1,GARC1,RUS,BDQ,pepQ@-*?,U,{},{},{}
NC_000962.3,BDQ-FRS-78.99999999999997-2024.01,1.1,GARC1,RUS,BDQ,pepQ@*?,U,{},{},{}
NC_000962.3,BDQ-FRS-78.99999999999997-2024.01,1.1,GARC1,RUS,BDQ,pepQ@del_0.0,U,{},{},{}
NC_000962.3,BDQ-FRS-78.99999999999997-2024.01,1.1,GARC1,RUS,BDQ,mmpS5@del_0.0,U,{},{},{}
NC_000962.3,BDQ-FRS-78.99999999999997-2024.01,1.1,GARC1,RUS,BDQ,mmpS5@*=,S,{},{},{}
NC_000962.3,BDQ-FRS-78.99999999999997-2024.01,1.1,GARC1,RUS,BDQ,mmpS5@-*_indel,U,{},{},{}
NC_000962.3,BDQ-FRS-78.99999999999997-2024.01,1.1,GARC1,RUS,BDQ,mmpS5@*_indel,U,{},{},{}
NC_000962.3,BDQ-FRS-78.99999999999997-2024.01,1.1,GARC1,RUS,BDQ,mmpS5@-*?,U,{},{},{}
NC_000962.3,BDQ-FRS-78.99999999999997-2024.01,1.1,GARC1,RUS,BDQ,mmpS5@*?,U,{},{},{}
NC_000962.3,BDQ-FRS-78.99999999999997-2024.01,1.1,GARC1,RUS,BDQ,mmpL5@*=,S,{},{},{}
NC_000962.3,BDQ-FRS-78.99999999999997-2024.01,1.1,GARC1,RUS,BDQ,mmpL5@-*_indel,U,{},{},{}
NC_000962.3,BDQ-FRS-78.99999999999997-2024.01,1.1,GARC1,RUS,BDQ,mmpL5@*_indel,U,{},{},{}
NC_000962.3,BDQ-FRS-78.99999999999997-2024.01,1.1,GARC1,RUS,BDQ,mmpL5@-*?,U,{},{},{}
NC_000962.3,BDQ-FRS-78.99999999999997-2024.01,1.1,GARC1,RUS,BDQ,mmpL5@*?,U,{},{},{}
NC_000962.3,BDQ-FRS-78.99999999999997-2024.01,1.1,GARC1,RUS,BDQ,mmpL5@del_0.0,U,{},{},{}
NC_000962.3,BDQ-FRS-78.99999999999997-2024.01,1.1,GARC1,RUS,BDQ,atpE@*=,S,{},{},{}
NC_000962.3,BDQ-FRS-78.99999999999997-2024.01,1.1,GARC1,RUS,BDQ,atpE@-*_indel,U,{},{},{}
NC_000962.3,BDQ-FRS-78.99999999999997-2024.01,1.1,GARC1,RUS,BDQ,atpE@*_indel,U,{},{},{}
NC_000962.3,BDQ-FRS-78.99999999999997-2024.01,1.1,GARC1,RUS,BDQ,atpE@-*?,U,{},{},{}
NC_000962.3,BDQ-FRS-78.99999999999997-2024.01,1.1,GARC1,RUS,BDQ,atpE@*?,U,{},{},{}
NC_000962.3,BDQ-FRS-78.99999999999997-2024.01,1.1,GARC1,RUS,BDQ,atpE@del_0.0,U,{},{},{}
